<!-- DarN Version 1.0 -->
<!-- SigilStone.xml -->
<menu name="SigilStoneMenu">
	<class> &SigilStoneMenu; </class>
	<stackingtype> &no_click_past; </stackingtype>
	<alpha>	0 </alpha>
	<locus> &true; </locus>
	<x> 0 </x>
	<y> 0 </y>
	<menufade> 0.25 </menufade>

	<user0>-1</user0>		<!-- soul cost per use -->
	<user1>-1</user1>		<!-- num uses -->

	<xbuttonb> <ref src="sigil_button_exit" trait="clicked"/> </xbuttonb>
	<xbuttonx> <ref src="sigil_button_create" trait="clicked"/> </xbuttonx>

	<include src="darn\sigilstone_config.xml"/>

	<_itemleftheight> <!-- DarN add -->
		40
	</_itemleftheight>
	<_itemrightheight> <!-- DarN add -->
		40
	</_itemrightheight>

	<rect name="sigil_focus_box">
<include src="darn\focus_box.xml"/>
		<id> 8 </id>
		<visible> &false; </visible>
		<clips> &true; </clips>
		<user15>
			<copy src="parent()" trait="depth" />
			<add> 0.5 </add>
		</user15>
	</rect>
	
	<!-- BACKGROUND ============================================================-->
	<image name="sigil_background">
		<id> 1 </id>
		<filename> Textures\DarkUI\Menus\Enchanting\Enchantingdui.dds </filename>
		<depth> 1 </depth>
		<width> 1064 </width>
		<height> 812 </height>
		<zoom> -1 </zoom>
		<x>
			<copy src="screen()" trait="width" />
			<sub src="me()" trait="width" />
			<div> 2 </div>
		</x>
		<y>
			<copy src="screen()" trait="height" />
			<sub src="me()" trait="height" />
			<div> 2 </div>
		</y>
		<locus> &true; </locus>
		<target> &true; </target>

		<!-- NAME ============================================================-->
		<rect name="sigil_name_background">
			<alpha> 0 </alpha>
			<id>24</id>
			<user10> &false; </user10>
			<locus> &true; </locus>
			<target> &true; </target>
			<depth> 1 </depth>
			<x> 205</x>
			<y> 135 </y>
			<height> 40 </height>
			<width> 645 </width>

			<xdefault> &false; </xdefault>
			<xup> <ref src="sigil_button_create" trait="mouseover"/> </xup>
			<xdown> <ref src="sigil_item_enchant_rect" trait="mouseover"/> </xdown>

			<text name="sigil_name_text">
				<id>2</id>
				<depth> 1 </depth>
				<string> Name Enchanted Item </string>
				<red> <copy src="darnui_settings" trait="_enred" /> </red>
				<green> <copy src="darnui_settings" trait="_engreen" /> </green>
				<blue> <copy src="darnui_settings" trait="_enblue" /> </blue>
				<alpha> 255 </alpha>
				<font> <copy src="darnui_settings" trait="_enfont" /> </font> <!-- DarN 1 -->
				<wrapwidth> 650 </wrapwidth> <!-- DarN 600 -->
				<wraplines> 1 </wraplines>
				<x> 30 </x>
				<y>
					<copy src="parent()" trait="height" />
					<sub src="me()" trait="height" />
					<div> 2 </div>
				</y>
			</text>
		</rect>

		<image name="sigil_effect_icon">
			<id> 3 </id>
			<visible> &false; </visible>
			<depth> 1 </depth>
			<filename>   </filename>
			<width> 32 </width>
			<height> 32 </height>
			<x> 550 </x>
			<y> 90 </y>
		</image>

		<!-- INFO DISPLAYS ============================================================-->
		<image name="sigil_soul_cost_icon">
			<visible> <copy src="SigilStoneMenu" trait="user0"/> <gte>0</gte> </visible>
			<depth> 1 </depth>
			<filename> Textures\DarkUI\Menus\Shared\all_small_iconsdui.dds </filename>
			<cropx> 216 </cropx> <!-- DarN 288 -->
			<width> 24 </width> <!-- DarN 32 -->
			<height> 24 </height> <!-- DarN 32 -->
			<x> 240 </x>
			<y> 90 </y>
			<zoom> 75 </zoom> <!-- DarN add -->
		</image>

		<text name="sigil_soul_cost_text">
			<visible> <copy src="SigilStoneMenu" trait="user0"/> <gt>0</gt> </visible>
			<depth> 1 </depth>
			<string> <copy src="SigilStoneMenu" trait="user0"/> </string>
			<font> <copy src="darnui_settings" trait="_igfont" /> </font> <!-- DarN 3 -->
			<red> <copy src="darnui_settings" trait="_igred" />	</red>
			<green> <copy src="darnui_settings" trait="_iggreen" /> </green>
			<blue> <copy src="darnui_settings" trait="_igblue" /> </blue>
			<alpha>255</alpha>
			<x>
				<copy src="sigil_soul_cost_icon" trait="x" />
				<add src="sigil_soul_cost_icon" trait="width" />
				<add> 10 </add> <!-- DarN 15 -->
			</x>
			<y>
				<copy src="sigil_soul_cost_icon" trait="y" />
				<add>
					<copy src="sigil_soul_cost_icon" trait="height" />
					<sub src="me()" trait="height" />
					<div> 2 </div>
					<add> 5 </add>
				</add>
			</y>
		</text>

		<text name="sigil_constant_text">
			<visible> <copy src="SigilStoneMenu" trait="user0"/> <eq>0</eq> </visible>
			<depth> 1 </depth>
			<string> <copy src="strings()" trait="_constant_effect"/> </string>
			<font> <copy src="darnui_settings" trait="_igfont" /> </font> <!-- DarN 3 -->
			<red> <copy src="darnui_settings" trait="_igred" />	</red>
			<green> <copy src="darnui_settings" trait="_iggreen" /> </green>
			<blue> <copy src="darnui_settings" trait="_igblue" /> </blue>
			<alpha>255</alpha>
			<x> <copy src="sigil_soul_cost_text" trait="x" /> </x>
			<y> <copy src="sigil_soul_cost_icon" trait="y" /> </y>
		</text>

		<image name="sigil_uses_icon">
			<visible> <copy src="SigilStoneMenu" trait="user1"/> <gt>0</gt> </visible>
			<depth> 1 </depth>
			<filename> Textures\DarkUI\Menus\Shared\all_small_iconsdui.dds </filename>
			<cropx> 0 </cropx>
			<width> 24 </width><!-- DarN 32 -->
			<height> 24 </height><!-- DarN 32 -->
			<x> 400 </x>
			<y> 90 </y>
			<zoom> 75 </zoom> <!-- DarN add -->
		</image>

		<text name="sigil_uses_text">
			<visible> <copy src="sigil_uses_icon" trait="visible"/> </visible>
			<depth> 1 </depth>
			<string> <copy src="SigilStoneMenu" trait="user1"/> </string>
			<font> <copy src="darnui_settings" trait="_igfont" /> </font><!-- DarN 3 -->
			<red> <copy src="darnui_settings" trait="_igred" /> </red>
			<green> <copy src="darnui_settings" trait="_iggreen" /> </green>
			<blue> <copy src="darnui_settings" trait="_igblue" /> </blue>
			<alpha> 255 </alpha>
			<x>
				<copy src="sigil_uses_icon" trait="x" />
				<add src="sigil_uses_icon" trait="width" />
				<add> 15 </add>
			</x>
			<y>
				<copy src="sigil_soul_cost_text" trait="y" />
			</y>
		</text>

		<!-- ITEM ============================================================-->
		<rect name="sigil_item_enchant_rect">
			<id> 20 </id>
			<alpha> 0 </alpha>
			<depth> 8 </depth>
			<locus> &true; </locus>
			<target> &true; </target>
			<x> 153 </x>
			<y> 205 </y>
			<width>325</width>
			<height> 70 </height>
			<user0> <copy src="strings()" trait="_additem"/> </user0> <!-- effect description string -->
			<user1></user1> <!-- icon pathname -->
			
			<xdefault> &true; </xdefault>
			<xup> <ref src="sigil_name_background" trait="mouseover"/> </xup>
			<xdown> <ref src="sigil_button_create" trait="mouseover"/> </xdown>

			<image name="sigil_item_icon">
				<id>25</id>
				<visible> &false; </visible>
				<filename></filename>
				<width>
					<copy> 63 </copy>
					<div> 100 </div>
					<mul src="me()" trait="zoom" />
				</width>
				<height> <copy src="me()" trait="width" /> </height>
				<x> 0 </x>
				<y>
					<copy src="parent()" trait="height" />
					<sub src="me()" trait="height" />
					<div> 2 </div>
				</y>
				<zoom> <copy src="darnui_settings" trait="_iiconzoom" /> </zoom> <!-- DarN add -->
			</image>

			<text name="sigil_item_text">
				<font> <copy src="darnui_settings" trait="_ifont" /> </font> <!-- DarN 1 -->
				<string>
					<copy src="parent()" trait="user0" />
				</string>
				<wrapwidth> 220 </wrapwidth>
				<wraplines> 2 </wraplines>
				<x> <!-- DarN 75 -->
					<copy src="sibling(sigil_item_icon)" trait="x" />
					<add src="sibling(sigil_item_icon)" trait="width" />
					<add> 15 </add>
				</x>
				<y>
					<copy src="parent()" trait="height"/>
					<sub src="me()" trait="height"/>
					<div> 2 </div>
				</y>
				<red> <copy src="darnui_settings" trait="_ired" /> </red>
				<green> <copy src="darnui_settings" trait="_igreen" /> </green>
				<blue> <copy src="darnui_settings" trait="_iblue" /> </blue>
				<alpha> 255 </alpha>
			</text>
		</rect>
	
		<!-- SIGIL STONE ============================================================-->
		<rect name="sigil_stone_rect">
			<id> 22 </id>
			<alpha> 0 </alpha>
			<depth> 8 </depth>
			<!--target> &true; </target-->
			<locus> &true; </locus>
			<x> 515 </x>
			<y> 205 </y> <!-- DarN 203... -->
			<width> 390 </width>
			<height> 70 </height>
			<user0></user0> 
			<user1></user1> 

			<image name="soulgem_icon">
				<id> 26 </id>
				<filename></filename>
				<width>
					<copy> 63 </copy>
					<div> 100 </div>
					<mul src="me()" trait="zoom" />
				</width> <!-- DarN -1 -->
				<height> <copy src="me()" trait="width" /> </height>
				<visible> &true; </visible>
				<x> 8 </x> <!-- DarN 2 -->
				<y>
					<copy src="parent()" trait="height" />
					<sub src="me()" trait="height" />
					<div> 2 </div>
				</y>
				<zoom> <copy src="darnui_settings" trait="_sgiconzoom" /> </zoom> <!-- DarN add -->
			</image>

			<text name="sigil_stone_text">
				<string>
					<copy src="parent()" trait="user0" />
				</string>
				<font> <copy src="darnui_settings" trait="_sgfont" /> </font> <!-- DarN 1 -->
				<wrapwidth> 250 </wrapwidth>
				<x>
					<copy src="soulgem_icon" trait="x"/>
					<add>
						<copy src="soulgem_icon" trait="width"/>
						<add> 15 </add> <!-- DarN 5 -->
					</add>
				</x>
				<y>
					<copy src="parent()" trait="height"/>
					<sub src="me()" trait="height"/>
					<div> 2 </div>
				</y>
				<red> <copy src="darnui_settings" trait="_sgred" /> </red>
				<green> <copy src="darnui_settings" trait="_sggreen" /> </green>
				<blue> <copy src="darnui_settings" trait="_sgblue" /> </blue>
				<alpha> 255 </alpha>
			</text>
		</rect>

		<text name="sigil_known_effect_text">
			<id> 16 </id>
			<depth> 1 </depth>
			<string> <copy src="strings()" trait="_sigilstoneeffects"/> </string>
			<font><copy src="darnui_settings" trait="_hfont" /></font>
			<red> <copy src="darnui_settings" trait="_hred" /> </red>
			<green> <copy src="darnui_settings" trait="_hgreen" /> </green>
			<blue> <copy src="darnui_settings" trait="_hblue" /> </blue>
			<alpha> 255 </alpha>
			<x> <!-- DarN 150 -->
				<copy src="sigil_known_effect_window" trait="x"/>
				<add>
					<copy src="sigil_known_effect_window" trait="width"/>
					<sub src="me()" trait="width"/>
					<div> 2 </div>
				</add>
			</x>
			<y> <!-- DarN 295 -->
				<copy src="sigil_known_effect_window" trait="y" />
				<sub src="me()" trait="height" />
				<sub> 5 </sub>
			</y>
		</text>

		<!-- SCROLL - KNOWN =====================================================================-->
		<image name="sigil_known_effect_list_scroll_bar">
<include src="vertical_scroll.xml"/>
			<id>9</id>
			<target> &true; </target>
			<x> <!-- DarN 460 -->
				<copy src="sigil_known_effect_window" trait="x" />
				<add src="sigil_known_effect_window" trait="width" />
				<sub>
					<copy src="me()" trait="width" />
					<div> 2 </div>
				</sub>
			</x>
			<y>
				<copy src="sigil_known_effect_window" trait="y" />
				<add> 32 </add>
			</y>
			<height>
				<copy src="sigil_known_effect_window" trait="height" />
				<sub> 64 </sub>
			</height>
			<depth> 20 </depth>
			<user1> 0 </user1> <!-- minimum range value -->
			<user2>
				<copy src="sigil_known_effect_list" trait="child_count" />
				<sub src="me()" trait="user8"/>
			</user2> <!-- maximum range value - set by code -->
			<user3> 1 </user3> <!-- step distance -->
			<user4> <copy src="me()" trait="user8" /> <sub> 1 </sub> </user4> <!-- jump distance -->
			<user5> 0 </user5> <!-- starting value -->
			<user6> 10 </user6> <!-- marker's id - must change to enable dragging -->
			<user8> <copy src="darnui_settings" trait="_l1itemcount" /> </user8> <!-- number of items visible -->
		</image>
	
		<!-- WINDOW - KNOWN =====================================================================-->
		<rect name="sigil_known_effect_window">
			<clipwindow> &true; </clipwindow>
			<height> 300 </height>
			<width> 332 </width> <!-- DarN 330 -->
			<locus> &true; </locus>
			<x> 150 </x> <!-- DarN 140 -->
			<y> 325 </y>
			
			<rect name="sigil_known_effect_list">
				<id> 6 </id>
				<alpha> 0 </alpha>
				<depth> 8 </depth>
				<locus> &true; </locus>
				<clips> &true; </clips>
				<x> 0 </x>
				<y>
					<copy> 0 </copy>
					<sub>
						<copy src="sigil_known_effect_list_scroll_bar" trait="user7" />
						<mul src="SigilStoneMenu" trait="_itemleftheight" />
					</sub>	
				</y>
			</rect>
		</rect>

		<text name="sigil_added_effect_list_label">
			<id> 17</id>
			<depth> 1 </depth>
			<string> <copy src="strings()" trait="_effectsapplied"/> </string>
			<font><copy src="darnui_settings" trait="_hfont" /></font>
			<red> <copy src="darnui_settings" trait="_hred" /> </red>
			<green> <copy src="darnui_settings" trait="_hgreen" /> </green>
			<blue> <copy src="darnui_settings" trait="_hblue" /> </blue>
			<alpha> 255 </alpha>
			<x> <!-- DarN 525 -->
				<copy src="sigil_added_effect_window" trait="x"/>
				<add>
					<copy src="sigil_added_effect_window" trait="width"/>
					<sub src="me()" trait="width"/>
					<div> 2 </div>
				</add>
			</x>
			<y>
				<copy src="sigil_known_effect_text" trait="y" />
			</y>
		</text>
	
		<!-- SCROLL - ADDED =====================================================================-->
		<rect name="sigil_added_effect_list_scroll_bar">
<include src="vertical_scroll.xml"/>
			<id> 12 </id>
			<x> <!-- DarN 893 -->
				<copy src="sigil_added_effect_window" trait="x"/>
				<add src="sigil_added_effect_window" trait="width"/>
				<sub>
					<copy src="me()" trait="width" />
					<div> 2 </div>
				</sub>
			</x>
			<y>
				<copy src="sigil_added_effect_window" trait="y" />
				<add> 32 </add>
			</y>
			<height>
				<copy src="sigil_added_effect_window" trait="height" />
				<sub> 64 </sub>
			</height>
			<depth>20</depth>
			<target> &true; </target>
			<user1> 0 </user1> 
			<user2>
				<copy src="sigil_added_effect_list" trait="child_count" />
				<sub src="me()" trait="user8"/>
			</user2> 
			<user3> 1 </user3> 
			<user4> <!-- jump distance DarN 3 -->
					<copy src="me()" trait="user8" />
					<sub> 1 </sub>
			</user4>
			<user5> 0 </user5> 
			<user6> 11 </user6> 
			<user8> <copy src="darnui_settings" trait="_l2itemcount" /> </user8> <!-- number of items visible DarN 4 -->
		</rect>
	
		<!-- WINDOW - ADDED =====================================================================-->
		<rect name="sigil_added_effect_window">
			<clipwindow> &true; </clipwindow>
			<height> 300 </height>
			<width> 399 </width> <!-- DarN 370 -->
			<locus> &true; </locus>
			<x> 515 </x> <!-- DarN 510 -->
			<y> 
				<copy src="sigil_known_effect_window" trait="y" />
			</y>
			
			<rect name="sigil_added_effect_list">
				<id> 7 </id>
				<alpha> 0 </alpha>
				<depth> 8 </depth>
				<height> 300 </height>
				<width> <!-- DarN 330 -->
					<copy src="parent()" trait="width" />
				</width>
				<locus> &true; </locus>
				<clips> &true; </clips>
				<x> 0 </x>
				<y>
					<copy> 0 </copy>
					<sub>
						<copy src="sigil_added_effect_list_scroll_bar" trait="user7" />
						<mul src="SigilStoneMenu" trait="_itemrightheight" />
					</sub>	
				</y>
			</rect>
		</rect>

		<!-- BUTTON CREATE =====================================================================-->
		<image name="sigil_button_create">
<include src="darn\button_long.xml"/>
			<id> 14 </id>
			<depth> 5 </depth>
			<x> 270 </x>
			<y> 650 </y>
			<clicksound> 2 </clicksound>
			<user0> <copy src="strings()" trait="_create"/> </user0>
			
			<user20> &xbuttonx; </user20>
			<xdefault> &xboxhint; </xdefault>
			<xleft> <ref src="sigil_button_exit" trait="mouseover"/> </xleft>
			<xright> <ref src="sigil_button_exit" trait="mouseover"/> </xright>
			<xup> <ref src="sigil_item_enchant_rect" trait="mouseover"/> </xup>
			<xdown> <ref src="sigil_name_background" trait="mouseover"/> </xdown>
		</image>
	
		<!-- BUTTON EXIT =====================================================================-->
		<image name="sigil_button_exit">
<include src="darn\button_short.xml"/>
			<id> 15 </id>
			<depth> 5 </depth>
			<target> &true; </target>
			<x> 680 </x> <!-- DarN 630 -->
			<y> <copy src="sigil_button_create" trait="y" /> </y>
			<clicksound>2</clicksound>
			<user0> <copy src="strings()" trait="_exit"/> </user0>
			
			<user20> &xbuttonb; </user20>
			<xdefault> &xboxhint; </xdefault>
			<xleft> <ref src="sigil_button_create" trait="mouseover"/> </xleft>
			<xright> <ref src="sigil_button_create" trait="mouseover"/> </xright>
			<xup> <ref src="sigil_item_enchant_rect" trait="mouseover"/> </xup>
			<xdown> <ref src="sigil_name_background" trait="mouseover"/> </xdown>
		</image>
	</image>
	
	<!-- TEMPLATE - KNOWN =====================================================================-->
	<template name="known_effect_template">
		<rect name="sigil_known_effect">
			<id> 82 </id>
			<target> &true; </target>
			<repeatvertical> &true; </repeatvertical>
			<alpha> 0 </alpha>
			<depth> 1 </depth>
			<width>
				<copy src="parent()" trait="width" />
				<sub>
					<copy> 15 </copy>
					<onlyif>
						<copy src="sigil_known_effect_list_scroll_bar" trait="visible" />
						<eq> &true; </eq>
					</onlyif>
				</sub>
			</width>
			<focusinset>5</focusinset>
			<height>
				<copy src="SigilStoneMenu" trait="_itemleftheight" />
			</height>
			<clips> &true; </clips>
			<locus> &true; </locus>
			<x> 0 </x>
			<y>
				<copy src="me()" trait="listindex" />
				<mul src="me()" trait="height" />
				<floor> 0 </floor> <!-- Darn add -->
			</y>
			<listindex> 0 </listindex>	<!-- position in list - set by code -->
			<user0> 0 </user0>			<!-- position in list - set by code -->
			
			<!-- This element is a list item. If it gets an input command it doesn't know how to handle
			     it will defer the command to its parent. The xlist trait set to true triggers this. -->
			<xdefault> &false; </xdefault>
			<xlist> &xitem; </xlist>
			<xup> &prev; </xup>
			<xdown> &next; </xdown>
			<xscroll>
				<copy src="me()" trait="listindex" />
				<sub>
					<copy src="sigil_known_effect_list_scroll_bar" trait="user8"/>
					<div> 2 </div>
					<ceil> 0 </ceil>
				</sub>
				<add> 1 </add>
			</xscroll>
			
			<image name="sigil_known_effect_icon">
				<filename>
					<copy src="parent()" trait="user1" />
				</filename>
				<depth> 1 </depth>
				<zoom> <copy src="darnui_settings" trait="_l1iconzoom" /> </zoom> <!-- DarN -1 -->
				<width>
					<copy> 64 </copy>
					<div> 100 </div>
					<mul src="me()" trait="zoom" />
					<floor> 0 </floor>
				</width> <!-- DarN -1 -->
				<height> <copy src="me()" trait="width" /> </height> <!-- DarN -1 -->
				<clips> &true; </clips>
				<x> 5 </x>
				<y>
					<copy src="parent()" trait="height" />
					<sub src="me()" trait="height" />
					<div> 2 </div>
				</y>
			</image>
			
			<text name="sigil_known_effect_text">
				<depth> 1 </depth>
				<font> <copy src="darnui_settings" trait="_l1font" /> </font> <!-- DarN 3 -->
				<string>
					<copy src="parent()" trait="user2" />
				</string>
				<justify> &left; </justify>
				<red> <copy src="darnui_settings" trait="_l1red" /> </red> <!-- DarN 117 -->
				<green> <copy src="darnui_settings" trait="_l1green" /> </green> <!-- DarN 59 -->
				<blue> <copy src="darnui_settings" trait="_l1blue" /> </blue> <!-- DarN 33 -->
				<alpha> 255 </alpha>
				<wrapwidth> 230 </wrapwidth>
				<clips> &true; </clips>
				<x> <!-- DarN 50 -->
					<copy src="sibling(sigil_known_effect_icon)" trait="x" />
					<add src="sibling(sigil_known_effect_icon)" trait="width" />
					<add> 8 </add>	
				</x>
				<y>
					<copy src="parent()" trait="height" />
					<sub src="me()" trait="height" />
					<div> 2 </div>
					<add> 5 </add>
				</y>
			</text>
		</rect>
	</template>
	
	
	<!-- TEMPLATE - ADDED =====================================================================-->
	<template name="added_effect_template">
		<rect name="sigil_added_effect">
			<id> 83 </id>
			<target> &true; </target>
			<repeatvertical> &true; </repeatvertical>
			<alpha> 0 </alpha>
			<depth> 1 </depth>
			<width> <!-- DarN 350 -->
				<copy src="parent()" trait="width" />
				<sub>
					<copy> 15 </copy>
					<onlyif>
						<copy src="sigil_added_effect_list_scroll_bar" trait="visible" />
						<eq> &true; </eq>
					</onlyif>
				</sub>
			</width>
			<height> <copy src="SigilStoneMenu" trait="_itemrightheight" /> </height>
			<clips> &true; </clips>
			<locus> &true; </locus>
			<focusinset>5</focusinset>
			<x> 0 </x> <!-- DarN 20 -->
			<y>
				<copy src="me()" trait="listindex" />
				<mul src="me()" trait="height" />
				<floor> 0 </floor>
			</y>
			<listindex> 0 </listindex>	<!-- position in list - set by code -->
			<user0> 0 </user0>			<!-- position in list - set by code -->
			
			<!-- This element is a list item. If it gets an input command it doesn't know how to handle
			     it will defer the command to its parent. The xlist trait set to true triggers this. -->
			<xdefault> &false; </xdefault>
			<xlist> &xitem; </xlist>
			<xup> &prev; </xup>
			<xdown> &next; </xdown>
			<xscroll>
				<copy src="me()" trait="listindex" />
				<sub>
					<copy src="sigil_added_effect_list_scroll_bar" trait="user8"/>
					<div> 2 </div>
					<ceil> 0 </ceil>
				</sub>
				<add> 1 </add>
			</xscroll>
			
			<image name="sigil_added_effect_icon">
				<filename>
					<copy src="parent()" trait="user1" />
				</filename>
				<depth> 1 </depth>
				<zoom> <copy src="darnui_settings" trait="_l2iconzoom" /> </zoom> <!-- DarN -1 -->
				<height>
					<copy> 64 </copy>
					<div> 100 </div>
					<mul src="me()" trait="zoom" />
					<floor> 0 </floor>
				</height>
				<width> <copy src="me()" trait="height" /> </width>
				<clips> &true; </clips>
				<x> 5 </x>
				<y>
					<copy src="parent()" trait="height" />
					<sub src="me()" trait="height" />
					<div> 2 </div>
				</y>
			</image>
			
			<!-- <text name="sigil_known_effect_text"> DarN wth? -->
			<text name="sigil_added_effect_text">
				<depth> 1 </depth>
				<font> <copy src="darnui_settings" trait="_l2font" /> </font> <!-- DarN 3 -->
				<string>
					<copy src="parent()" trait="user2" />
				</string>
				<justify> &left; </justify>
				<red> <copy src="darnui_settings" trait="_l2red" /> </red> <!-- DarN 117 -->
				<green> <copy src="darnui_settings" trait="_l2green" /> </green> <!-- DarN 59 -->
				<blue> <copy src="darnui_settings" trait="_l2blue" /> </blue> <!-- DarN 33 -->
				<alpha> 255 </alpha>
				<width>  <!-- DarN 310 -->
					<copy src="parent" trait="width" />
					<sub src="me()" trait="x" />
				</width>
				<wrapwidth> <!-- DarN 300 -->
					<copy src="parent" trait="width" />
					<sub> 20 </sub>
					<!--<sub src="me()" trait="x" />-->
				</wrapwidth>
				<clips> &true; </clips>
				<x>
					<copy src="sibling(sigil_added_effect_icon)" trait="x" />
					<add src="sibling(sigil_added_effect_icon)" trait="width" />
					<add> 8 </add>
				</x>
				<y>
					<copy src="parent()" trait="height" />
					<sub src="me()" trait="height" />
					<div> 2 </div>
					<add> 5 </add>
				</y>
			</text>
		</rect>
	</template>
</menu>