<!-- DarN Version 1.1 -->
<!-- training_menu.xml -->
<menu name="TrainingMenu">
	<class> &TrainingMenu; </class>
	<stackingtype> &no_click_past; </stackingtype>
	<alpha>	0 </alpha>
	<x> 0 </x>
	<y> 0 </y>
	<locus> &true; </locus>
	<menufade> 0.25 </menufade>
	
	<user0></user0>		<!-- Player gold text -->

	<xbuttonb> <ref src="train_button_exit" trait="clicked"/> </xbuttonb>
	<xbuttona> <ref src="train_button_train" trait="clicked"/> </xbuttona>

<include src="darn\training_config.xml"/>

	<rect name="Training_background">
<include src="darn\generic_background75.xml"/>
		<id> 1 </id>
		<target> &true; </target>
		<depth> 1 </depth>
		<user0> 680 </user0> <!-- DarN width 716 -->
		<user1> <!-- DarN height -->
			<copy src="train_button_train" trait="y" />
			<add> 55 </add>
		</user1>
		<x>
			<copy src="screen()" trait="width" />
			<sub src="me()" trait="width" />
			<div> 2 </div>
		</x>
		<y>
			<copy src="screen()" trait="height" />
			<sub src="me()" trait="height" />
			<div> 2 </div>
		</y>
		<locus> &true; </locus>
		<image name="Skill_Picture"> <!-- DarN old values: 300x600, real values: 250x350 -->
			<id> 3 </id>
			<filename>  </filename>
			<depth> 10</depth>
			<width> 250 </width>
			<height> 350 </height>
			<x> 40 </x>
			<y> 30 </y>
			<locus> &true; </locus>
			<target> &true; </target>
			<xdefault> &true; </xdefault>		<!-- because there has to be one focus, doesn't have to DO anything though -->
		</image>
		<text name="skill_name_text">
		<id> 2 </id>
			<depth> 5 </depth>
			<string></string>
			<justify> &left; </justify>
			 <font> <copy src="darnui_settings" trait="_snfont" /> </font><!-- DarN add -->
			<red> <copy src="darnui_settings" trait="_snred" /> </red> <!-- DarN 117 -->
			<green> <copy src="darnui_settings" trait="_sngreen" /> </green> <!-- DarN 59 -->
			<blue> <copy src="darnui_settings" trait="_snblue" /> </blue> <!-- DarN 33 -->
			<alpha> 255 </alpha>
			<wrapwidth>
				<!-- <copy src="parent()" trait="width" />
				<sub> 50 </sub> -->
				<copy src="training_divider" trait="width" />
			</wrapwidth>
			<x>
				<copy src="Skill_Picture" trait="x"/>
				<add src="Skill_Picture" trait="width"/>
				<add> 20 </add>
			</x> <!-- DarN 350/325 -->
			<y> <copy src="Skill_Picture" trait="y"/> </y>
		</text>
		<image name="training_divider">
			<depth> 3 </depth>
			<filename>Menus\Shared\shared_border_horizontal_1.dds</filename>
			<x> <copy src="skill_name_text" trait="x" /> <sub> 20 </sub> </x> <!-- DarN 334 -->
			<y>
				<copy src="skill_name_text" trait="y"/>
				<add src="skill_name_text" trait="height"/>
				<add> 4 </add> <!-- DarN 40 -->
			</y>
			<width>
				<copy src="skill_Text" trait="wrapwidth"/>
			</width>
			<height> 4 </height>
		</image>
		<text name="skill_Text">
			<id> 4 </id>
			<depth> 5 </depth>
			<string></string>
			<justify> &left; </justify>
			<font> <copy src="darnui_settings" trait="_sdfont" /> </font> <!-- DarN add -->
			<red> <copy src="darnui_settings" trait="_sdred" /> </red> <!-- DarN 117 -->
			<green> <copy src="darnui_settings" trait="_sdgreen" /> </green> <!-- DarN 59 -->
			<blue> <copy src="darnui_settings" trait="_sdblue" /> </blue> <!-- DarN 33 -->
			<alpha> 200 </alpha>
			<wrapwidth>
				<copy src="parent()" trait="width" />
				<sub> 345 </sub> <!-- DarN 390 -->
			</wrapwidth>
			<x> <copy src="skill_name_text" trait="x" /> </x>
			<y>
				<copy src="training_divider" trait="y" />
				<add src="training_divider" trait="height" />
				<add> 20 </add> <!-- DarN 40 -->
			</y>
		</text>
		<text name="Trainer_Level_Text">
			<id> 9 </id>
			<depth> 5 </depth>
			<string> <copy src="strings()" trait="_trainerskill"/> </string>
			<justify> &left; </justify> <!-- DarN &center; -->
			<font> <copy src="darnui_settings" trait="_igfont" /> </font> <!-- DarN add -->
			<red> <copy src="darnui_settings" trait="_igred" /> </red>
			<green> <copy src="darnui_settings" trait="_iggreen" /> </green>
			<blue> <copy src="darnui_settings" trait="_igblue" /> </blue>
			<alpha> 255 </alpha>
			<wrapwidth>
				<copy src="parent()" trait="width" />
				<sub> 50 </sub>
			</wrapwidth>
			<x> <copy src="skill_name_text" trait="x" /> </x>
			<y> <!-- DarN 440 -->
				<copy src="Skill_Picture" trait="y" />
				<add src="Skill_Picture" trait="height" />
				<sub>
					<copy src="me()" trait="height" />
					<mul> 5 </mul>
				</sub>
			</y>
		</text>
		<text name="Player_Level_Text">
			<id> 11 </id>
			<depth> 5 </depth>
			<string> <copy src="strings()" trait="_playerskill"/> </string>
			<justify> &left; </justify><!-- DarN &center; -->
			<font> <copy src="Trainer_Level_Text" trait="font" /> </font> <!-- DarN add -->
			<red> <copy src="Trainer_Level_Text" trait="red" /> </red>
			<green> <copy src="Trainer_Level_Text" trait="green" /> </green>
			<blue> <copy src="Trainer_Level_Text" trait="blue" /> </blue>
			<alpha> <copy src="Trainer_Level_Text" trait="alpha"/> </alpha>
			<wrapwidth>
				<copy src="parent()" trait="width" />
				<sub> 50 </sub>
			</wrapwidth>
			<x> <copy src="skill_name_text" trait="x" /> </x>
			<y>
				<copy src="Trainer_Level_Text" trait="y" />
				<add src="Trainer_Level_Text" trait="height"/> 
			</y>
		</text>
		<text name="Times_Trained_Text">
			<id> 12 </id>
			<depth> 5 </depth>
			<string> <copy src="strings()" trait="_timestrained"/> </string>
			<justify> &left; </justify><!-- DarN &center; -->
			<font> <copy src="Trainer_Level_Text" trait="font" /> </font> <!-- DarN add -->
			<red> <copy src="Trainer_Level_Text" trait="red" /> </red>
			<green> <copy src="Trainer_Level_Text" trait="green" /> </green>
			<blue> <copy src="Trainer_Level_Text" trait="blue" /> </blue>
			<alpha> <copy src="Trainer_Level_Text" trait="alpha"/> </alpha>
			<wrapwidth>
				<copy src="parent()" trait="width" />
				<sub> 50 </sub>
			</wrapwidth>
			<x> <copy src="skill_name_text" trait="x" /> </x>
			<y>
				<copy src="Player_Level_Text" trait="y" />
				<add src="Player_Level_Text" trait="height"/> 
			</y>
		</text>
		<text name="cost_text">
			<id> 8 </id>
			<depth> 5 </depth>
			<string> <copy src="strings()" trait="_cost"/> </string>
			<justify> &left; </justify><!-- DarN &center; -->
			<font> <copy src="Trainer_Level_Text" trait="font" /> </font> <!-- DarN add -->
			<red> <copy src="Trainer_Level_Text" trait="red" /> </red>
			<green> <copy src="Trainer_Level_Text" trait="green" /> </green>
			<blue> <copy src="Trainer_Level_Text" trait="blue" /> </blue>
			<alpha> <copy src="Trainer_Level_Text" trait="alpha"/> </alpha>
			<wrapwidth>
				<copy src="parent()" trait="width" />
				<sub> 50 </sub>
			</wrapwidth>
			<x> <copy src="skill_name_text" trait="x" /> </x>
			<y>  
				<copy src="Times_Trained_Text" trait="y" />
				<add src="Times_Trained_Text" trait="height"/> 
			 </y>
		</text>
		<text name="gold_text">
			<depth> 5 </depth>
			<string> <copy src="TrainingMenu" trait="user0"/> </string>
			<justify> &left; </justify><!-- DarN &center; -->
			<font> <copy src="Trainer_Level_Text" trait="font" /> </font> <!-- DarN add -->
			<red> <copy src="Trainer_Level_Text" trait="red" /> </red>
			<green> <copy src="Trainer_Level_Text" trait="green" /> </green>
			<blue> <copy src="Trainer_Level_Text" trait="blue" /> </blue>
			<alpha> <copy src="Trainer_Level_Text" trait="alpha"/> </alpha>
			<wrapwidth>
				<copy src="parent()" trait="width" />
				<sub> 50 </sub>
			</wrapwidth>
			<x> <copy src="skill_name_text" trait="x" /> </x>
			<y>  
				<copy src="cost_text" trait="y" />
				<add src="cost_text" trait="height"/> 
			 </y>
		</text>
		<text name="skill_warning_Text">
			<id> 10 </id>
			<depth> 5 </depth>
			<visible> &false; </visible>
			<string> <copy src="strings()" trait="_warning"/> </string>
			<justify> &center; </justify>
			<font> <copy src="darnui_settings" trait="_wtfont" /> </font> <!-- DarN add -->
			<red> <copy src="darnui_settings" trait="_wtred" /> </red>
			<green> <copy src="darnui_settings" trait="_wtgreen" /> </green>
			<blue> <copy src="darnui_settings" trait="_wtblue" /> </blue>
			<alpha> 200 </alpha>
			<wrapwidth>
				<copy src="parent()" trait="width" />
				<sub> 50 </sub>
			</wrapwidth>
			<x>
				<copy src="parent()" trait="width" />
				<div> 2 </div>
			</x>
			<y> 
				<copy src="Skill_Picture" trait="y" />
				<add src="Skill_Picture" trait="height" />
				<add> 20 </add>
			 </y>
		</text>
		
		
		<!-- BUTTONS ==================================================================-->
		<image name="train_button_train">
<include src="darn\button_long.xml" />
			<id> 6 </id>
			<depth> 5 </depth>
			<x> <copy src="skill_name_text" trait="x" /> </x>
			<y>
				<copy src="skill_warning_Text" trait="y" />
				<add src="skill_warning_Text" trait="height" />
				<add> 30 </add>
			</y>
			<user0> <copy src="strings()" trait="_train" /> </user0>
			<user1></user1>		<!-- set in code...true=enabled, false=disabled -->
			
			<user20> &xbuttona; </user20>
			<xdefault> &xboxhint; </xdefault>
			<xleft> <ref src="train_button_exit" trait="mouseover"/> </xleft>
			<xright> <ref src="train_button_exit" trait="mouseover"/> </xright>
		</image>
		
		
		<image name="train_button_exit">
<include src="darn\button_long.xml" />
			<id> 7 </id>
			<depth> 5 </depth>
			<x>	
				<copy src="parent()" trait="width" />
				<sub src="me()" trait="width" />
				<sub> 35 </sub>
			</x>
			<y> <copy src="train_button_train" trait="y" /> </y>
			<user0> <copy src="strings()" trait="_exit" /> </user0>
			
			<user20> &xbuttonb; </user20>
			<xdefault> &xboxhint; </xdefault>
			<xleft> <ref src="train_button_train" trait="mouseover"/> </xleft>
			<xright> <ref src="train_button_train" trait="mouseover"/> </xright>
		</image>
		
	</rect>
</menu>
