<!-- DarN Version 1.4 -->
<!-- dialog_menu.xml -->
<menu name="DialogMenu">
	<class> &DialogMenu; </class>
	<stackingtype> &no_click_past; </stackingtype>
	<visible> &true; </visible>
	<alpha>	0 </alpha>
	<depth> 1 </depth>
	<x> 0 </x>
	<y> 0 </y>
	<locus> &true; </locus>
	<user0> 1 </user0>
	<user1> 2 </user1>
	<user2> 0.75 </user2>
	<user3> 0.50 </user3>
	<menufade> 0.75 </menufade>
	<_line_height> 32 </_line_height> <!-- DarN 48 -->
	<_number_of_lines> 8 </_number_of_lines> <!-- DarN 5 -->
	<user4>  </user4> <!-- DarN npc name -->
	
	<xup> <ref src="dialog_goodbye" trait="clicked"/> </xup>
	<xdown> <ref src="dialog_persuade" trait="clicked"/> </xdown>

<include src="darn\dialog_config.xml"/>
	
	<!-- BACKGROUND ============================================================== -->
	<rect name="dialog_background">
		<id> -1 </id>
		<target> &true; </target>
		<alpha> 0 </alpha>
		<width>
			<copy src="screen()" trait="width" />
		</width>
		<height>
			<copy src="screen()" trait="height" />
		</height>
		<image name="top_bar">
			<filename> Menus\Faders\black.dds </filename>
			<visible> <copy src="darnui_settings" trait="_cinematic" /> </visible>
			<alpha> <copy src="darnui_settings" trait="_cinealpha" /> </alpha>
			<x> 0 </x>
			<y> 0 </y>
			<width> <copy src="parent()" trait="width" /> </width>
			<height>
				<copy src="parent()" trait="height" />
				<mul src="darnui_settings" trait="_heightperc" />
				<div> 100 </div>
			</height>
		</image>
		<image name="bottom_bar">
			<filename> Menus\Faders\black.dds </filename>
			<visible> <copy src="darnui_settings" trait="_cinematic" /> </visible>
			<alpha> <copy src="darnui_settings" trait="_cinealpha" /> </alpha>
			<x> 0 </x>
			<y>
				<copy src="parent()" trait="height" />
				<sub src="top_bar" trait="height" />
			</y>
			<width> <copy src="parent()" trait="width" /> </width>
			<height>
				<copy src="top_bar" trait="height" />
			</height>
		</image>
	</rect>

	<rect name="npc_rect_ctr">
		<visible> <copy src="dialog_text_layout" trait="visible" /> </visible>
		<locus> &true; </locus>
		<x>
			<copy src="screen()" trait="width" />
			<div> 2 </div>
			<add src="darnui_settings" trait="_npcxoffset" />
		</x>
		<y>
			<copy src="screen()" trait="height" />
			<sub src="screen()" trait="cropy" />
			<sub src="screen()" trait="cropy" />
			<sub> 10 </sub>
			<add src="darnui_settings" trait="_npcyoffset" />
		</y>

		<text name="dialog_name_ctr">
			<depth> 0 </depth>
			<string> <copy src="DialogMenu" trait="user4"/> </string>
			<font> <copy src="darnui_settings" trait="_npcfont" /> </font> 		
			<red> <copy src="darnui_settings" trait="_npcred" /> </red>		
			<green> <copy src="darnui_settings" trait="_npcgreen" /> </green>		
			<blue> <copy src="darnui_settings" trait="_npcblue" /> </blue>		
			<alpha> <copy src="darnui_settings" trait="_npcalpha" /> </alpha> 		
			<wrapwidth> 900 </wrapwidth>
			<justify> &center; </justify>
		</text>

		<text name="dialog_name_ctr_s"> <!-- DarN add -->
			<depth> -1 </depth>
			<string> <copy src="dialog_name_ctr" trait="string"/> </string>
			<font> <copy src="dialog_name_ctr" trait="font"/> </font>
			<red> 0 </red>
			<green> 0 </green>
			<blue> 0 </blue>
			<alpha> <copy src="dialog_name_ctr" trait="alpha"/> </alpha>
			<wrapwidth> 900 </wrapwidth>
			<justify> &center; </justify>
			<x> 1 </x>
			<y> 1 </y>
		</text>
	</rect>


	<rect name="dialog_topics">
		<id> 6 </id>
		<depth> 1 </depth>
		<height>
			<copy src="DialogMenu" trait="_line_height" />
			<mul src="DialogMenu" trait="_number_of_lines" /> <!-- DarN 5 (number of entries) -->
		</height>
		<width> <!-- width of the safe portion of the screen -->
			<copy src="screen()" trait="width" />
			<sub src="screen()" trait="cropx" />
			<sub src="screen()" trait="cropx" />
			<sub> 80 </sub>
		</width>
		<x>
			<copy src="screen()" trait="cropx" />
			<copy src="screen()" trait="cropx" />
			<add> 40 </add> <!-- DarN 50 -->
		</x>
		<y>
			<copy src="screen()" trait="height" />
			<sub src="screen()" trait="cropy" />
			<sub src="screen()" trait="cropy" />
			<sub src="DialogMenu" trait="_line_height" /> <!-- to get bottom of topic list above actor's name -->
			<sub src="me()" trait="height" />
			<sub> 20 </sub> <!-- DarN add (room for hover text) -->
		</y>
		<locus> &true; </locus>
		<visible> &false; </visible>
		<user8> 0 </user8> <!-- mousewheel will "click" this value like the generic "clicked" -->
		
		
		<!-- BUTTONS =============================================== (SQUARE ONES @ BOTTOM) -->
		<rect name="dialog_button_layout">
			<locus> &true; </locus>
			<x> 35 </x>
			<y> 2 </y>
			<height> <copy src="parent()" trait="height" /> </height>
						
			<xdefault> &false; </xdefault>
			<xlist> &xlist; </xlist>
			
			<!--xleft> &last; </xleft>
			<xright> &first; </xright-->
			
			<image name="dialog_persuade">
				<id> 7 </id>
				<target> &true; </target>
				<depth> 1 </depth>
				<filename> <copy src="darnui_settings" trait="_t_persuade" /> </filename>
				<x> <!-- to the right of the topics scrollbar -->
					<copy src="dialog_scrollbar" trait="width" />
					<add> 15 </add> <!-- DarN 15 -->
				</x>
				<y>
					<copy src="parent()" trait="height" />
					<add> 4 </add>
				</y>
				<height> 45 </height>
				<width> 44 </width>
				<locus> &true; </locus>
				<alpha> <!-- visible (255) if mouse is not over it, hidden (0) if mouse is over it -->
					<copy> 1 </copy>
					<sub src="me()" trait="mouseover" />
					<mul> 255 </mul>
				</alpha>
				<listindex> 0 </listindex>
						
				<xdefault> &false; </xdefault>
				<xlist> &xitem; </xlist>
				<xleft> &prev; </xleft>
				<xright> &next; </xright>
				
				<image name="dialog_persuade_over">
					<filename> <copy src="darnui_settings" trait="_t_persuade_o" /> </filename>
					<alpha> <!-- visibility opposite of parent -->
						<copy> 255 </copy>
						<sub src="parent()" trait="alpha" />
					</alpha>
					<height> 45 </height> <!-- DarN 56 -->
					<width> 44 </width>	<!-- DarN 55 -->

					<!-- DarN Hover text -->
					<text name="hover_text_persuade">
						<string> <copy src="strings()" trait="_persuade"/> </string>
						<depth> 0 </depth>
						<font> 2 </font>
						<red> 255 </red>
						<green> 255 </green>
						<blue> 255 </blue>
						<alpha> <copy src="parent()" trait="alpha" /> </alpha>
						<!-- <x>
							<copy src="dialog_goodbye" trait="x" />
							
						</x> -->
						<y> 48 </y>
							<text name="hover_text_persuade_s">
								<string> <copy src="parent()" trait="string" /> </string>
								<depth> -1 </depth>
								<font> 2 </font>
								<red> 0 </red>
								<green> 0 </green>
								<blue> 0 </blue>
								<alpha> <copy src="parent()" trait="alpha" /> </alpha>
								<x> 1 </x>
								<y>
									<copy src="parent()" trait="y" />
									<add> 1 </add>
								</y>
							</text>
					</text>
				</image>
			</image>
		
			<image name="dialog_barter">
				<id> 8 </id>
				<visible> &false; </visible>
				<target> &true; </target>
				<depth> 1 </depth>
				<filename> <copy src="darnui_settings" trait="_t_barter" /> </filename>
				<x> <!-- to the right of the persuade button -->
					<copy src="dialog_persuade" trait="width" />
					<add> 8 </add> <!-- DarN 25 -->
					<onlyif src="dialog_persuade" trait="visible"/>
					<add src="dialog_persuade" trait="x" />
				</x>
				<y>
					<copy src="parent()" trait="height" />
					<add> 4 </add>
				</y>
				<height> 45 </height>
				<width> 44 </width>
				<locus> &true; </locus>
				<alpha> <!-- visible (255) if mouse is not over it, hidden (0) if mouse is over it -->
					<copy> 1 </copy>
					<sub src="me()" trait="mouseover" />
					<mul> 255 </mul>
				</alpha>
				<listindex> 1 </listindex>
						
				<xdefault> &false; </xdefault>
				<xlist> &xitem; </xlist>
				<xleft> &prev; </xleft>
				<xright> &next; </xright>
				
				<image name="dialog_barter_over">
					<filename> <copy src="darnui_settings" trait="_t_barter_o" /> </filename>
					<alpha> <!-- visibility opposite of parent -->
						<copy> 255 </copy>
						<sub src="parent()" trait="alpha" />
					</alpha>
					<height> 45 </height>
					<width> 44 </width>

					<!-- DarN Hover text -->
					<text name="hover_text_barter">
						<string> <copy src="strings()" trait="_barter"/> </string>
						<depth> 0 </depth>
						<font> 2 </font>
						<red> 255 </red>
						<green> 255 </green>
						<blue> 255 </blue>
						<alpha> <copy src="parent()" trait="alpha" /> </alpha>
						<x> 0 </x>
						<y> 48 </y>
							<text name="hover_text_barter_s">
								<string> <copy src="parent()" trait="string" /> </string>
								<depth> -1 </depth>
								<font> 2 </font>
								<red> 0 </red>
								<green> 0 </green>
								<blue> 0 </blue>
								<alpha> <copy src="parent()" trait="alpha" /> </alpha>
								<x> 1 </x>
								<y> 49 </y>
							</text>
					</text>
				</image>
			</image>
			
			<image name="dialog_spell_buy">
				<id> 16 </id>
				<visible> &false; </visible>
				<target> &true; </target>
				<depth> 1 </depth>
				<filename> <copy src="darnui_settings" trait="_t_spellbuy" /> </filename>
				<x> <!-- to the right of the persuade button -->
					<copy src="dialog_barter" trait="width" />
					<add> 8 </add> <!-- DarN 25 -->
					<onlyif src="dialog_barter" trait="visible"/>
					<add src="dialog_barter" trait="x" />
				</x>
				<y>
					<copy src="parent()" trait="height" />
					<add> 4 </add>
				</y>
				<height> 45 </height>
				<width> 44 </width>
				<locus> &true; </locus>
				<alpha> <!-- visible (255) if mouse is not over it, hidden (0) if mouse is over it -->
					<copy> 1 </copy>
					<sub src="me()" trait="mouseover" />
					<mul> 255 </mul>
				</alpha>
				<listindex> 2 </listindex>
						
				<xdefault> &false; </xdefault>
				<xlist> &xitem; </xlist>
				<xleft> &prev; </xleft>
				<xright> &next; </xright>
				
				<image name="dialog_spell_buy_over">
					<filename> <copy src="darnui_settings" trait="_t_spellbuy_o" /> </filename>
					<alpha> <!-- visibility opposite of parent -->
						<copy> 255 </copy>
						<sub src="parent()" trait="alpha" />
					</alpha>
					<height> 45 </height>
					<width> 44 </width>

					<!-- DarN Hover text -->
					<text name="hover_text_spell_buy">
						<string> <copy src="strings()" trait="_buy_spell"/> </string>
						<depth> 0 </depth>
						<font> 2 </font>
						<red> 255 </red>
						<green> 255 </green>
						<blue> 255 </blue>
						<alpha> <copy src="parent()" trait="alpha" /> </alpha>
						<!-- <x>
							<copy src="dialog_goodbye" trait="x" />
							
						</x> -->
						<y> 48 </y>
							<text name="hover_text_spell_buy_s">
								<string> <copy src="parent()" trait="string" /> </string>
								<depth> -1 </depth>
								<font> 2 </font>
								<red> 0 </red>
								<green> 0 </green>
								<blue> 0 </blue>
								<alpha> <copy src="parent()" trait="alpha" /> </alpha>
								<x> 1 </x>
								<y>
									<copy src="parent()" trait="y" />
									<add> 1 </add>
								</y>
							</text>
					</text>
				</image>
			</image>
			
			<image name="dialog_repair">
				<id> 12 </id>
				<visible> &false; </visible>
				<target> &true; </target>
				<depth> 1 </depth>
				<filename> <copy src="darnui_settings" trait="_t_repair" /> </filename>
				<x> <!-- to the right of the persuade button -->
					<copy src="dialog_spell_buy" trait="width" />
					<add> 8 </add> <!-- DarN 25 -->
					<onlyif src="dialog_spell_buy" trait="visible"/>
					<add src="dialog_spell_buy" trait="x" />
				</x>
				<y>
					<copy src="parent()" trait="height" />
					<add> 4 </add>
				</y>
				<height> 45 </height>
				<width> 44 </width>
				<locus> &true; </locus>
				<alpha> <!-- visible (255) if mouse is not over it, hidden (0) if mouse is over it -->
					<copy> 1 </copy>
					<sub src="me()" trait="mouseover" />
					<mul> 255 </mul>
				</alpha>
				<listindex> 3 </listindex>
						
				<xdefault> &false; </xdefault>
				<xlist> &xitem; </xlist>
				<xleft> &prev; </xleft>
				<xright> &next; </xright>
				
				<image name="dialog_repair_over">
					<filename> <copy src="darnui_settings" trait="_t_repair_o" /> </filename>
					<alpha> <!-- visibility opposite of parent -->
						<copy> 255 </copy>
						<sub src="parent()" trait="alpha" />
					</alpha>
					<height> 45 </height>
					<width> 44 </width>

					<!-- DarN Hover text -->
					<text name="hover_text_repair">
						<string> <copy src="strings()" trait="_repair"/> </string>
						<depth> 0 </depth>
						<font> 2 </font>
						<red> 255 </red>
						<green> 255 </green>
						<blue> 255 </blue>
						<alpha> <copy src="parent()" trait="alpha" /> </alpha>
						<!-- <x>
							<copy src="dialog_goodbye" trait="x" />
							
						</x> -->
						<y> 48 </y>
							<text name="hover_text_repair_s">
								<string> <copy src="parent()" trait="string"/> </string>
								<depth> -1 </depth>
								<font> 2 </font>
								<red> 0 </red>
								<green> 0 </green>
								<blue> 0 </blue>
								<alpha> <copy src="parent()" trait="alpha" /> </alpha>
								<x> 1 </x>
								<y>
									<copy src="parent()" trait="y" />
									<add> 1 </add>
								</y>
							</text>
					</text>
				</image>
			</image>
			
			<image name="dialog_training">
				<id> 9 </id>
				<visible> &false; </visible>
				<target> &true; </target>
				<depth> 1 </depth>
				<filename> <copy src="darnui_settings" trait="_t_train" /> </filename>
				<x> <!-- to the right of the persuade button -->
					<copy src="dialog_repair" trait="width" />
					<add> 8 </add> <!-- DarN 25 -->
					<onlyif src="dialog_repair" trait="visible"/>
					<add src="dialog_repair" trait="x" />
				</x>
				<y>
					<copy src="parent()" trait="height" />
					<add> 4 </add>
				</y>
				<height> 45 </height>
				<width> 44 </width>
				<locus> &true; </locus>
				<alpha> <!-- visible (255) if mouse is not over it, hidden (0) if mouse is over it -->
					<copy> 1 </copy>
					<sub src="me()" trait="mouseover" />
					<mul> 255 </mul>
				</alpha>
				<listindex> 4 </listindex>
						
				<xdefault> &false; </xdefault>
				<xlist> &xitem; </xlist>
				<xleft> &prev; </xleft>
				<xright> &next; </xright>
				
				<image name="dialog_training_over">
					<filename> <copy src="darnui_settings" trait="_t_train_o" /> </filename>
					<alpha> <!-- visibility opposite of parent -->
						<copy> 255 </copy>
						<sub src="parent()" trait="alpha" />
					</alpha>
					<height> 45 </height>
					<width> 44 </width>

					<!-- DarN Hover text -->
					<text name="hover_text_training">
						<string> <copy src="strings()" trait="_train"/> </string>
						<depth> 0 </depth>
						<font> 2 </font>
						<red> 255 </red>
						<green> 255 </green>
						<blue> 255 </blue>
						<alpha> <copy src="parent()" trait="alpha" /> </alpha>
						<!-- <x>
							<copy src="dialog_goodbye" trait="x" />
							
						</x> -->
						<y> 48 </y>
						<text name="hover_text_training_s">
							<string> <copy src="parent()" trait="string" /> </string>
							<depth> -1 </depth>
							<font> 2 </font>
							<red> 0 </red>
							<green> 0 </green>
							<blue> 0 </blue>
							<alpha> <copy src="parent()" trait="alpha" /> </alpha>
							<x> 1 </x>
							<y>
								<copy src="parent()" trait="y" />
								<add> 1 </add>
							</y>
						</text>
					</text>
				</image>
			</image>
			
			<image name="dialog_recharge">
				<id> 13</id>
				<visible> &false; </visible>
				<target> &true; </target>
				<depth> 1 </depth>
				<filename> <copy src="darnui_settings" trait="_t_recharge" /> </filename>
				<x> <!-- to the right of the persuade button -->
					<copy src="dialog_training" trait="width" />
					<add> 8 </add> <!-- DarN 25 -->
					<onlyif src="dialog_training" trait="visible"/>
					<add src="dialog_training" trait="x" />
				</x>
				<y>
					<copy src="parent()" trait="height" />
					<add> 4 </add>
				</y>
				<height> 45 </height>
				<width> 44 </width>
				<locus> &true; </locus>
				<alpha> <!-- visible (255) if mouse is not over it, hidden (0) if mouse is over it -->
					<copy> 1 </copy>
					<sub src="me()" trait="mouseover" />
					<mul> 255 </mul>
				</alpha>
				<listindex> 5 </listindex>
						
				<xdefault> &false; </xdefault>
				<xlist> &xitem; </xlist>
				<xleft> &prev; </xleft>
				<xright> &next; </xright>
				
				<image name="dialog_recharge_image">
					<filename> <copy src="darnui_settings" trait="_t_recharge_o" /> </filename>
					<alpha> <!-- visibility opposite of parent -->
						<copy> 255 </copy>
						<sub src="parent()" trait="alpha" />
					</alpha>
					<height> 45 </height>
					<width> 44 </width>

					<!-- DarN Hover text -->
					<text name="hover_text_recharge">
						<string> <copy src="strings()" trait="_recharge"/> </string>
						<depth> 0 </depth>
						<font> 2 </font>
						<red> 255 </red>
						<green> 255 </green>
						<blue> 255 </blue>
						<alpha> <copy src="parent()" trait="alpha" /> </alpha>
						<!-- <x>
							<copy src="dialog_goodbye" trait="x" />
							
						</x> -->
						<y> 48 </y>
							<text name="hover_text_recharge_s">
								<string> <copy src="parent()" trait="string" /> </string>
								<depth> -1 </depth>
								<font> 2 </font>
								<red> 0 </red>
								<green> 0 </green>
								<blue> 0 </blue>
								<alpha> <copy src="parent()" trait="alpha" /> </alpha>
								<x> 1 </x>
								<y>
									<copy src="parent()" trait="y" />
									<add> 1 </add>
								</y>
							</text>
					</text>
				</image>
			</image>
			
			<image name="dialog_goodbye">
				<id> 3 </id>
				<target> <not> &xbox; </not> </target>
				<depth> 1 </depth>
				<filename> <copy src="darnui_settings" trait="_t_goodbye" /> </filename>
				<x> <!-- to the right of the persuade button -->
					<copy src="dialog_recharge" trait="width" />
					<add> 8 </add> <!-- DarN 25 -->
					<onlyif src="dialog_recharge" trait="visible"/>
					<add src="dialog_recharge" trait="x" />
				</x>
				<y>
					<copy src="parent()" trait="height" />
					<add> 4 </add>
				</y>
				<height> 45 </height>
				<width> 44 </width>
				<locus> &true; </locus>
				<alpha> <!-- visible (255) if mouse is not over it, hidden (0) if mouse is over it -->
					<copy> 1 </copy>
					<sub src="me()" trait="mouseover" />
					<mul> 255 </mul>
				</alpha>
				<listindex> 6 </listindex>
						
				<xdefault> <copy> 1 </copy> <!-- <onlyifnot> &xbox; </onlyifnot> --> </xdefault>
				<xlist> &xitem; </xlist>
				<xleft> &prev; </xleft>
				<xright> &next; </xright>
				
				<image name="dialog_goodbye_over">
					<filename> <copy src="darnui_settings" trait="_t_goodbye_o" /> </filename>
					<alpha> <!-- visibility opposite of parent -->
						<copy> 255 </copy>
						<sub src="parent()" trait="alpha" />
					</alpha>
					<height> 45 </height>
					<width> 44 </width>

					<!-- DarN Hover text -->
					<text name="hover_text_goodbye">
						<string> Goodbye </string>
						<depth> 0 </depth>
						<font> 2 </font>
						<red> 255 </red>
						<green> 255 </green>
						<blue> 255 </blue>
						<alpha> <copy src="parent()" trait="alpha" /> </alpha>
						<y> 48 </y>
							<text name="hover_text_goodbye_s">
								<string> <copy src="parent()" trait="string" /> </string>
								<depth> -1 </depth>
								<font> 2 </font>
								<red> 0 </red>
								<green> 0 </green>
								<blue> 0 </blue>
								<alpha> <copy src="parent()" trait="alpha" /> </alpha>
								<x> 1 </x>
								<y>
									<copy src="parent()" trait="y" />
									<add> 1 </add>
								</y>
							</text>
					</text>
				</image>
			</image>
		</rect> <!-- button_layout -->
		
		<!-- SCROLL ============================================================== -->
		<image name="dialog_scroll_bar">
<include src="darn\vert_floating_scroll.xml"/>
			<id> 14 </id>
			<height>
				<copy src="parent()" trait="height" />
			</height>
			<width> 16 </width>
			<x> 0 </x>
			<y> 0 </y>
			
			<user1> 0 </user1>			<!-- Minimum value that can be scrolled to (should usually be zero) -->
			<user2>
				<copy src="dialog_topics_scroll_pane" trait="child_count"/>
				<sub> <copy src="DialogMenu" trait="_number_of_lines" /> </sub> <!-- DarN 5(8) -->
			</user2>					<!-- Maximum value that can be scrolled to (should be the number of
											 items minus the number of items visible.  i.e. if your list has
											 8 items and you can see 2 at any one time, this should be 6 -->
			<user3> 1 </user3>			<!-- When the scroll arrow is clicked on, this is how many items it will advance -->
			<user4> 4 </user4>			<!-- When the scroll bar is clicked on, this is how many items it will advance -->
			<user5> 0 </user5>			<!-- The starting position of the scroll bar (set this only once) -->
			<user6> 15 </user6>			<!-- A unique ID so that the scroll marker can be dragged around -->
			<!-- user7 = current value -->
			<user8> <copy src="DialogMenu" trait="_number_of_lines" /> </user8>	<!-- How many items are visible at once - DarN 5(8) -->
			<user9> 0 </user9>			<!-- Manual step value (multiplied by step distance and added to scroll value -->
			<user10></user10>			<!-- reserved -->
			<user10> &false; </user10>	<!-- Should an empty list hide the scroll bar? -->
		</image>
		
		<!-- WINDOW ============================================================== -->
		<rect name="dialog_topics_layout">
			<width> <copy src="parent()" trait="width" /> </width>
			<height> <copy src="parent()" trait="height" /> </height>
			<x>
				<copy src="dialog_scroll_bar" trait="width" />
				<add> 30 </add>
			</x>
			<y> 0 </y>
			<clipwindow> &true; </clipwindow>
			<locus> &true; </locus>
		<!-- NPC NAME ============================================================== -->
			<rect name="npc_rect">
				<locus> &true; </locus>
					<x> -10 </x>
					<y> <sub src="me()" trait="height" /> <sub> 16 </sub> </y>
				<text name="dialog_name">
					<depth> 0 </depth>
					<string> <copy src="DialogMenu" trait="user4"/> </string>
					<font> <copy src="darnui_settings" trait="_tlfont" /> </font>
					<red> 255 </red>
					<green> 255 </green>
					<blue> 255 </blue>
					<alpha> 255 </alpha>
					<wrapwidth> 900 </wrapwidth>
					<justify> &left; </justify>
				</text>
				<text name="dialog_name_s"> <!-- DarN add -->
					<depth> -1 </depth>
					<string> <copy src="dialog_name" trait="string"/> </string>
					<font> <copy src="darnui_settings" trait="_tlfont" /> </font>
					<red> 0 </red>
					<green> 0 </green>
					<blue> 0 </blue>
					<alpha> 255 </alpha>
					<wrapwidth> 900 </wrapwidth>
					<justify> &left; </justify>
					<x> 1 </x>
					<y> 1 </y>
				</text>
			</rect>

					
			<rect name="dialog_topics_scroll_pane">
				<id> 1 </id>
				<locus> &true; </locus>
				<width> <copy src="parent()" trait="width"/> </width>
				<height>
					<copy src="me()" trait="childcount"/>
					<mul src="DialogMenu" trait="_line_height" />
				</height>
				<x> 5 </x>
				<y>
					<copy> 0 </copy>
					<sub src="dialog_scroll_bar" trait="user7"/>
					<mul src="DialogMenu" trait="_line_height" />
				</y>
				<user7> 128 </user7> <!-- viewed topic red -->
				<user8> 128 </user8> <!-- viewed topic green -->
				<user9> 128 </user9> <!-- viewed topic blue -->
				
				<!-- This is a list pane, and is not a focus itself, but when the child elements don't know how to handle
					 an input command, they defer to their parent. The following directions are for those times. -->
				<target> &false; </target>
				<xdefault> 2 </xdefault>
				<xlist> &xlist; </xlist>
				<!-- <xup> <ref src="dialog_goodbye" trait="mouseover"/> </xup> -->
				<xdown> <ref src="dialog_persuade" trait="mouseover"/> </xdown>
				<xleft> <ref src="dialog_button_layout" trait="mouseover"/> </xleft>
				<xright> <ref src="dialog_button_layout" trait="mouseover"/> </xright>
				<xscroll> <ref src="dialog_scroll_bar" trait="user5"/> </xscroll>
				
				<!-- template items are inserted here -->
				
			</rect>
		</rect>
		
	</rect>


	<!-- TEMPLATE ============================================================== -->
	<template name="topic_template">
		<rect name="topic_text_layout">
			<id> 99 </id>
			<string> <copy src="strings()" trait="_topic"/> </string>
			<target> &true; </target>
			<repeatvertical> &true; </repeatvertical>
			<alpha> 0 </alpha>
			<height>
				<copy src="DialogMenu" trait="_line_height" />
			</height>
			<width>
				<copy src="child(topic_text)" trait="width" />
			</width>
			<locus> &true; </locus>
			<clips> &true; </clips>
			<x> 0 </x>
			<y>
				<copy src="me()" trait="listindex" />
				<mul src="DialogMenu" trait="_line_height" />
			</y>
			<red> 254 </red>			<!-- inherited by child, set by code -->
			<green> 244 </green>		<!-- inherited by child, set by code -->
			<blue> 183 </blue>			<!-- inherited by child, set by code -->
			<listindex> 0 </listindex>	<!-- position in list -->
			<user5> &false; </user5>	<!-- "is this a service" -->
			<user6></user6>				<!-- internal use -->
						
			<!-- This element is a list item. If it gets an input command it doesn't know how to handle
			     it will defer the command to its parent. The xlist trait set to true triggers this. -->
			<xdefault> 3 </xdefault>
			<xlist> &xitem; </xlist>
			<!-- <xup> &prev; </xup> -->
			<xdown> &next; </xdown>
			<xscroll>
				<copy src="me()" trait="listindex" />
				<sub>
					<copy src="dialog_scroll_bar" trait="user8"/>
					<div> 2 </div>
					<ceil> 0 </ceil>
				</sub>
				<add> 1 </add>
			</xscroll>
			
			<text name="topic_text">
				<visible>
					<copy src="parent()" trait="mouseover" />
					<eq> 0 </eq>
				</visible>
				<string> <copy src="parent()" trait="string" /> </string>
				<depth> 4 </depth>
				<font> <copy src="darnui_settings" trait="_tlfont" /> </font> <!-- DarN 2 -->
				<red> <copy src="parent()" trait="red" /> </red>
				<green> <copy src="parent()" trait="green" /> </green>
				<blue> <copy src="parent()" trait="blue" /> </blue>
				<alpha> <copy src="darnui_settings" trait="_tlalpha" /> </alpha>
				<clips> &true; </clips>
				<wrapwidth> 900 </wrapwidth>
				<wraplines> 1 </wraplines>
				<x>
					<copy> 0 </copy>
					<add src="darnui_settings" trait="_tlxoffset" />
				</x>
				<y>
					<copy> 2 </copy>
					<add src="darnui_settings" trait="_tlyoffset" />
				</y>
			</text>
			<text name="topic_text_s"> <!-- DarN added -->
				<string>
					<copy src="topic_text" trait="string" />
				</string>
				<depth> 3 </depth>
				<font> <copy src="darnui_settings" trait="_tlfont" /> </font> <!-- DarN 2 -->
				<red> 0 </red>
				<green> 0 </green>
				<blue> 0 </blue>
				<alpha>
					<copy> 255 </copy>
					<sub>
						<copy> 55 </copy>
						<onlyif>
							<copy src="parent()" trait="mouseover" />
							<neq> 0 </neq>
						</onlyif>
					</sub>
				</alpha>
				<clips> &true; </clips>
				<wrapwidth> 900 </wrapwidth>
				<wraplines> 1 </wraplines>
				<x>
					<copy> 1 </copy>
					<add src="darnui_settings" trait="_tlxoffset" />
				</x>
				<y>
					<copy> 3 </copy>
					<add src="darnui_settings" trait="_tlyoffset" />
				</y>
			</text>
		</rect>
	</template>
	
	
	<!-- DIALOG TEXT ============================================================== -->
	<rect name="dialog_text_layout">
		<id> 4 </id>
		<target> &true; </target>
		<alpha> 0 </alpha>
		<depth> 20 </depth>
		<x> 0 </x>
		<y> 0 </y>
		<width>
			<copy src="screen()" trait="width" />
		</width>
		<height>
			<copy src="screen()" trait="height" />
		</height>
		<locus> &true; </locus>
		<visible>
			<copy src="dialog_topics" trait="visible" />
			<eq> &false; </eq>
		</visible>
		
		<xdefault> &true; </xdefault>
		
		<rect name="DlgBackground">
	<include src="darn\fader_box.xml"/>
			<_perc>
				<copy src="dialog_text" trait="width" />
				<mul> 3 </mul>
				<div> 100 </div>
			</_perc>
			<visible>
				<copy src="darnui_settings" trait="_dlgbackground" />
				<and src="dialog_text" trait="visible" />
			</visible>
			<alpha> <copy src="darnui_settings" trait="_dlgbackgroundalpha" /> </alpha>
			<x>
				<copy src="dialog_text" trait="x"/>
				<sub>
					<copy src="dialog_text" trait="width" />
					<div> 2 </div>
				</sub>
				<sub>
					<copy src="me()" trait="_perc" />
					<div> 3 </div>
				</sub> 
			</x>
			<y>
				<copy src="sibling(dialog_text)" trait="y"/>
				<sub> 2 </sub>
			</y>
			<depth> -4 </depth>
			<user0>
				<copy src="dialog_text" trait="width" />
				<add src="me()" trait="_perc" />
			</user0>
			<user1>
				<copy src="dialog_text" trait="height"/>
				<add> 10 </add>
			</user1>
		</rect>
	
		<text name="dialog_text">
			<id> 2 </id>
			<depth> -2 </depth>
			<string> <copy src="strings()" trait="_havenogreeting"/> </string>
			<font> <copy src="darnui_settings" trait="_dlgfont" /> </font>
			<red> <copy src="darnui_settings" trait="_dlgred" /> </red> <!-- DarN 220 -->
			<green> <copy src="darnui_settings" trait="_dlggreen" /> </green> <!-- DarN 218 -->
			<blue> <copy src="darnui_settings" trait="_dlgblue" /> </blue> <!-- DarN 205 -->
			<alpha> <copy src="darnui_settings" trait="_dlgalpha" /> </alpha>
			<justify> &center; </justify>
			<wrapwidth> 1000 </wrapwidth>
			<x>
				<copy src="screen()" trait="width"/>
				<div> 2 </div>
				<add src="darnui_settings" trait="_dlgxoffset" />
			</x>
			<y>
				<copy src="screen()" trait="height"/>
				<sub>
					 <copy src="screen()" trait="cropy"/>
					 <mul> 4 </mul>
				</sub>
				<sub> 60 </sub>
				<sub src="me()" trait="height"/>
				<add src="darnui_settings" trait="_dlgyoffset" />
			</y>
		</text>
		<text name="dialog_text_s"> <!-- DarN add -->
			<depth> -3 </depth>
			<string> <copy src="dialog_text" trait="string"/> </string>
			<visible> <copy src="dialog_text" trait="visible"/> </visible>
			<font> <copy src="darnui_settings" trait="_dlgfont" /> </font>
			<red> 0 </red>
			<green> 0 </green>
			<blue> 0 </blue>
			<alpha> <copy src="darnui_settings" trait="_dlgalpha" /> </alpha>
			<justify> &center; </justify>
			<wrapwidth> 1000 </wrapwidth>
			<x>
				<copy src="dialog_text" trait="x"/>
				<add> 1 </add>
			</x>
			<y>
				<copy src="dialog_text" trait="y"/>
				<add> 1 </add>
			</y>
		</text>
	</rect>
	
	
	<!-- FOCUS BOX ============================================================== -->
	<rect name="dialog_focus_box">
		<id> 5 </id>
		<alpha> 0 </alpha>
		<width> 1053 </width> <!-- DarN 1053 -->
		<locus> &true; </locus>
		<user1> -4 </user1> <!-- position offset x --> <!-- DarN -8 -->
		<user2> 12 </user2> <!-- position offset y --> <!-- DarN -12 -->
		<image name="dialog_focus_left">
			<filename> <copy src="darnui_settings" trait="_t_select1" /> </filename>
			<depth> -1 </depth>
			<width>
				<copy src="parent()" trait="width" />
				<sub> 22 </sub> <!-- DarN 42 -->
				<max> 85 </max> <!-- DarN 85 -->
			</width>
			<height> 32 </height> <!-- DarN 64 -->
			<x> -3 </x> <!-- DarN -6 -->
			<y> 0 </y> <!-- DarN -8 -->
			<zoom> 54 </zoom> <!-- DarN add -->
		</image>
		<image name="dialog_focus_right">
			<filename> <copy src="darnui_settings" trait="_t_select2" /> </filename>
			<depth> 0 </depth>
			<width> 192 </width> <!-- DarN 192 -->
			<height> 32 </height> <!-- DarN 64 -->
			<x>
				<copy src="dialog_focus_left" trait="width" />
				<sub> 20 </sub>
			</x>
			<y> 0 </y> <!-- DarN -4 -->
			<zoom> 54 </zoom> <!-- DarN add 85.64-->
		</image>
	</rect>
	
</menu>
