<!-- main_menu.xml -->
<menu name="MainMenu">
	<class> &MainMenu; </class>
	<stackingtype> &no_click_past; </stackingtype>
	<visible> &true; </visible>
	<alpha>	0 </alpha>
	<x> 0 </x>
	<y> 0 </y>
	<depth> 1 </depth>
	<locus> &true; </locus>
	
	<user0> &true; </user0>		<!-- is the logo visible set by code -->
	<user1> &true; </user1>		<!-- are the buttons visible set by code -->
	<user2> &false; </user2>	<!-- is Press Start visible set by code -->
	<user3> 255 </user3>		<!-- alpha value set by animated code -->
	<user4> 3 </user4>			<!-- how many seconds to fade from bink logo to real logo -->

	<image name="backdrop">
		<id> 8 </id>
		<visible> &false; </visible>
		<filename> Menus\Loading\loading_background.dds </filename>
		<depth> 1 </depth>
		<x>
			<copy src="screen()" trait="width"/>
			<div> 2 </div>
			<sub src="me()" trait="_center_width"/>
		</x>
		<y>
			<copy src="screen()" trait="height"/>
			<div> 2 </div>
			<sub src="me()" trait="_center_height"/>
		</y>
		<width> 1280 </width>
		<height> 960 </height>
		<zoom> -1 </zoom>
		<locus> &true; </locus>
		<_center_width>
			<copy src="me()" trait="width"/> 
			<div> 2 </div>
		</_center_width>
		<_center_height>
			<copy src="me()" trait="height"/>
			<div> 2 </div>
		</_center_height>
	</image>
	<image name="oblivion_logo">
		<visible> <copy src="MainMenu" trait="user0"/> </visible>
		<filename> Menus\Loading\tes_oblivion_logo_final.dds </filename>
		<depth> 2 </depth>
		<zoom> -1 </zoom>
		<width> 748 </width>
		<height> 159 </height>
		<x>
			<copy src="screen()" trait="width"/>
			<div> 2 </div>
			<sub>
				<copy src="me()" trait="width"/>
				<div> 2 </div>
			</sub>
			<add> 3 </add>
		</x>
		<y>
			<copy src="screen()" trait="height"/>
			<div> 4 </div>
			<add> 22.5 </add>
		</y>
		<locus> &true; </locus>
		
		<image name="oblivion_logo">
			<visible> <copy src="MainMenu" trait="user0"/> </visible>
			<filename> Menus\Loading\tes_oblivion_logo_bink.dds </filename>
			<depth> 2 </depth>
			<zoom> -1 </zoom>
			<alpha> <copy src="MainMenu" trait="user3"/> </alpha>
			<width> 760 </width>
			<height> 169 </height>
			<x> -5 </x>
			<y> -5 </y>
		</image>
	</image>
	
	<text name="press_start">
		<alpha>255</alpha>
		<visible>
			<copy src="MainMenu" trait="user2"/>
			<and> &xbox; </and>
		</visible>
		<depth> 10 </depth>
		<x>
			<copy src="screen()" trait="width"/>
			<sub src="me()" trait="width"/>
			<div> 2 </div>
		</x>
		<y> 725 </y>
		<string> <copy src="strings()" trait="_pressstart"/> </string>
	</text>
	
	
	<rect name="button_layout">
		<visible> <copy src="MainMenu" trait="user1"/> </visible>
		<depth> 10 </depth>
		<width>
			<copy src="main_exit" trait="_end"/>
		</width>
		<x>
			<copy src="screen()" trait="width"/>
			<sub src="me()" trait="width"/>
			<div> 2 </div>
		</x>
		<y> 725 </y>
		<locus> &true; </locus>
		
		<rect name="main_continue">
<include src="button_floating.xml"/>
			<id> 2 </id>
			<visible> &true; </visible>
			<string> <copy src="strings()" trait="_continue"/> </string>
			<x> 0 </x>
			<y> 0 </y>
			<clicksound>1</clicksound>
			<xdefault> &false; </xdefault>
			<xright> <ref src="main_new" trait="mouseover"/> </xright>
		</rect>
		
		<rect name="main_new">
<include src="button_floating.xml"/>
			<id> 3 </id>
			<visible> &true; </visible>
			<string> <copy src="strings()" trait="_new"/> </string>
			<x>
				<copy src="main_continue" trait="width"/>
				<add> 25 </add>
				<onlyif src="main_continue" trait="visible"/>
				<add src="main_continue" trait="x"/>
			</x>
			<y> 0 </y>
			<xdefault> &false; </xdefault>
			<xleft>  <ref src="main_continue" trait="mouseover"/> </xleft>
			<xright> <ref src="main_load" trait="mouseover"/> </xright>
		</rect>
		
		<rect name="main_load">
<include src="button_floating.xml"/>
			<id> 4 </id>
			<visible> &true; </visible>
			<string> <copy src="strings()" trait="_load"/> </string>
			<x>
				<copy src="main_new" trait="width"/>
				<add> 25 </add>
				<onlyif src="main_new" trait="visible"/>
				<add src="main_new" trait="x"/>
			</x>
			<y> 0 </y>
			<clicksound>1</clicksound>
			<xdefault> &false; </xdefault>
			<xleft>  <ref src="main_new" trait="mouseover"/> </xleft>
			<xright> <ref src="main_options" trait="mouseover"/> </xright>
		</rect>
		
		<rect name="main_options">
<include src="button_floating.xml"/>
			<id> 5 </id>
			<visible> &true; </visible>
			<string> <copy src="strings()" trait="_options"/> </string>
			<x>
				<copy src="main_load" trait="width"/>
				<add> 25 </add>
				<onlyif src="main_load" trait="visible"/>
				<add src="main_load" trait="x"/>
			</x>
			<y> 0 </y>
			<clicksound>1</clicksound>
			<xdefault> &false; </xdefault>
			<xleft>  <ref src="main_load" trait="mouseover"/> </xleft>
			<xright> <ref src="main_credits" trait="mouseover"/> </xright>
		</rect>
		
		<rect name="main_credits">
<include src="button_floating.xml"/>
			<id> 6 </id>
			<visible> &true; </visible>
			<string> <copy src="strings()" trait="_credits"/> </string>
			<x>
				<copy src="main_options" trait="width"/>
				<add> 25 </add>
				<onlyif src="main_options" trait="visible"/>
				<add src="main_options" trait="x"/>
			</x>
			<y> 0 </y>
			<clicksound>1</clicksound>
			<xdefault> &false; </xdefault>
			<xleft>  <ref src="main_options" trait="mouseover"/> </xleft>
			<xright> <ref src="main_exit" trait="mouseover"/> </xright>
		</rect>
		
		<rect name="main_exit">
<include src="button_floating.xml"/>
			<id> 7 </id>
			<visible>
				<not> &xenon; </not>
			</visible>
			<string> <copy src="strings()" trait="_exit"/> </string>
			<clicksound>2</clicksound>
			<x>
				<copy src="main_credits" trait="width"/>
				<add> 25 </add>
				<onlyif src="main_credits" trait="visible"/>
				<add src="main_credits" trait="x"/>
			</x>
			<y> 0 </y>
			<clicksound>1</clicksound>
			<xdefault> &false; </xdefault>
			<xleft>  <ref src="main_credits" trait="mouseover"/> </xleft>
			<_end>
				<copy src="me()" trait="width"/>
				<onlyif src="me()" trait="visible"/>
				<add src="me()" trait="x"/>
			</_end>
		</rect>
	</rect>
	
	<text name="version">
		<id> 9 </id>
		<alpha>255</alpha>
		<font> 3 </font>
		<zoom> 75 </zoom>
		<visible>
			<not> &xenon; </not>
		</visible>
		<depth> 10 </depth>
		<x> 10 </x>
		<y> 935 </y>
		<string> Version </string>
	</text>

</menu>
