<!-- quest_added.xml -->
 <!-- DarN Version 1.0 -->
<menu name="QuestAddedMenu">
	<class> &GenericMenu; </class>
	<stackingtype> &no_click_past; </stackingtype>
	<locus> &true; </locus>
	<explorefade> 0.25 </explorefade>
	<user0> </user0>			<!-- Title -->
	<user1> </user1>			<!-- Name -->
	<user2> </user2>			<!-- Date -->
	<user3> </user3>			<!-- Text -->
	<user4> </user4>			<!-- Icon -->
	<user5> </user5>			<!-- First Button -->
	<user6> &false; </user6>	<!-- is there a second button? -->
	<user7> . </user7>			<!-- Second Button -->
	<clicksound> 9 </clicksound>
	
	<xup> <ref src="qadd_button" trait="clicked"/> </xup>
	<xdown> <ref src="qadd_button_2" trait="clicked"/> </xdown>

<include src="darn\quest_added_config.xml"/>
	
	<rect name="qadd_background">
<include src="darn\generic_background75.xml"/>
		<id> &generic; </id>
		<target> &true; </target>
		<depth> 1 </depth>
		<user0> 600 </user0>	<!-- DarN 800 width -->
		<user1>
			<copy src="qadd_button_2" trait="y"/>
			<add src="qadd_button" trait="height"/>
			<add> 20 </add>
		</user1>				<!-- height -->
		<x>
			<copy src="screen()" trait="width"/>
			<div> 2 </div>
			<sub>
				<copy src="me()" trait="width" />
				<div> 2 </div>
			</sub>
		</x>
		<y>
			<copy src="screen()" trait="height"/>
			<div> 2 </div>
			<sub>
				<copy src="me()" trait="height" />
				<div> 2 </div>
			</sub>
		</y>
		<locus> &true; </locus>
		<xdefault> &true; </xdefault>
		
		<text name="qadd_quest_message"> <!-- DarN - "Quest added" -->
			<font> <copy src="darnui_settings" trait="_qtfont" /> </font>
			<depth> 3 </depth>
			<justify> &center; </justify>
			<!-- <red> 117 </red>
			<green> 59 </green>
			<blue> 33 </blue> -->
			<red> <copy src="darnui_settings" trait="_qtred" /> </red>
			<green> <copy src="darnui_settings" trait="_qtgreen" /> </green>
			<blue> <copy src="darnui_settings" trait="_qtblue" /> </blue>
			<alpha> <copy src="darnui_settings" trait="_qtalpha" /> </alpha> <!-- DarN 255 -->
			<wrapwidth> <!-- DarN 795 -->
				<copy src="parent()" trait="width" />
				<sub> 30 </sub>
			</wrapwidth>
			<string> <copy src="QuestAddedMenu" trait="user0" /> </string>
			<x>
				<copy src="parent()" trait="width" />
				<div> 2 </div>
			</x>
			<y> 10 </y>
		</text>
		
		<image name="qadd_divider">
			<filename> Textures\DarkUI\Menus\Stats\stat_border_horizontal_1dui.dds </filename>
			<depth> 3 </depth>
			<width> <!-- DarN 636 -->
				<copy src="parent()" trait="width" />
				<sub> 20 </sub>
			</width>
			<height> 3 </height>
			<x>
				<copy src="parent()" trait="width" />
				<sub src="me()" trait="width"/>
				<div> 2 </div>
			</x>
			<y> <!-- DarN 55 -->
				<copy src="qadd_quest_message" trait="y" />
				<add src="qadd_quest_message" trait="height" />
				<!-- <add> 4 </add> -->
			</y>
		</image>
				
		<text name="qadd_quest_name"> <!-- DarN add "Seeking your roots" -->
			<depth> 3 </depth>
			<justify> &left; </justify>
			<red> <copy src="darnui_settings" trait="_qnred" /> </red>
			<green> <copy src="darnui_settings" trait="_qngreen" /> </green>
			<blue> <copy src="darnui_settings" trait="_qnblue" /> </blue>
			<font> <copy src="darnui_settings" trait="_qnfont" /> </font>
			<alpha> <copy src="darnui_settings" trait="_qnalpha" /> </alpha>
			<wrapwidth> <!-- DarN 795 -->
				<copy src="parent()" trait="width" />
				<sub> 30 </sub>
			</wrapwidth>
			<string> <copy src="QuestAddedMenu" trait="user1" /> </string>
			<x> <!-- DarN 80 -->
				<copy src="map_log_item_icon" trait="x" />
				<add src="map_log_item_icon" trait="width" />
				<add> 10 </add>
			</x>
			<y> <!-- DarN 72 -->
				<copy src="qadd_quest_date" trait="y" />
				<sub src="me()" trait="height" />
				<add> <copy src="darnui_settings" trait="_qnyoffset" /> </add>
			</y>
		</text>
		<text name="qadd_quest_date">
			<depth> 3 </depth>
			<justify> &left; </justify>
			<red> <copy src="darnui_settings" trait="_qdred" /> </red>
			<green> <copy src="darnui_settings" trait="_qdgreen" /> </green>
			<blue> <copy src="darnui_settings" trait="_qdblue" /> </blue>
			<font> <copy src="darnui_settings" trait="_qdfont" /> </font>
			<alpha> <copy src="darnui_settings" trait="_qdalpha" /> </alpha>
			<wrapwidth> <!-- DarN 795 -->
				<copy src="parent()" trait="width" />
				<sub> 30 </sub>
			</wrapwidth>
			<string> <copy src="QuestAddedMenu" trait="user2" /> </string>
			<x> <!-- DarN 80 -->
				<copy src="qadd_quest_name" trait="x" />
			</x>
			<y> <!-- DarN 105 -->
				<!-- <copy src="qadd_quest_name" trait="y" />
				<add src="qadd_quest_name" trait="height" /> -->
				<copy src="map_log_item_icon" trait="y" />
				<add src="map_log_item_icon" trait="height" />
				<sub src="me()" trait="height" />
				<add> <copy src="darnui_settings" trait="_qdyoffset" /> </add> <!-- DarN grrr -->
			</y>
		</text>
		<text name="map_item_body">
			<depth> 3 </depth>
			<justify> &left; </justify>
			<red> <copy src="darnui_settings" trait="_qbred" /> </red> <!-- DarN 117 -->
			<green> <copy src="darnui_settings" trait="_qbgreen" /> </green> <!-- DarN 59 -->
			<blue> <copy src="darnui_settings" trait="_qbblue" /> </blue> <!-- DarN 33 -->
			<font> <copy src="darnui_settings" trait="_qbfont" /> </font> <!-- DarN 1 -->
			<alpha> <copy src="darnui_settings" trait="_qbalpha" /> </alpha> <!-- DarN 255 -->
			<wrapwidth> <!-- DarN 785 -->
				<copy src="parent()" trait="width" />
				<sub> 40 </sub>
			</wrapwidth>
			<string> <copy src="QuestAddedMenu" trait="user3" /> </string>
			<x> <copy src="map_log_item_icon" trait="x"/> </x> <!-- DarN 10 -->
			<y> <!-- DarN 145 -->
				<copy src="qadd_quest_date" trait="y" />
				<add> <copy src="darnui_settings" trait="_qbyoffset" /> </add>
			</y>
			<clips> &true; </clips>
		</text>
		
		<image name="map_log_item_icon">
			<zoom> <copy src="darnui_settings" trait="_qizoom" /> </zoom> <!-- DarN add -->
			<depth> 3 </depth>
			<filename> <copy src="QuestAddedMenu" trait="user4"/> </filename>
			<width> <!-- DarN 64 -->
				<copy> 64 </copy>
				<mul><copy src="me()" trait="zoom" /></mul>
				<div> 100 </div>
				<ceil> 0 </ceil>
			</width>
			<height> <!-- DarN 64 -->
				<copy> 64 </copy>
				<mul><copy src="me()" trait="zoom" /></mul>
				<div> 100 </div>
				<ceil> 0 </ceil>
			</height>
			<x> 15 </x> <!-- DarN 10 -->
			<y> <!-- DarN 70 -->
				<copy src="qadd_divider" trait="y" />
				<add> 30 </add>
			</y>
			<clips> &true; </clips>
			<target> &true; </target>
			<xdefault>
				<copy> &xbox; </copy>
				<mul> 5 </mul>
			</xdefault>
		</image>


		<rect name="qadd_button">
<include src="darn\button_no_background.xml"/>
			<id> 1 </id>
			<target> &true; </target>
			<x>
				<copy src="parent()" trait="width" />
				<sub src="me()" trait="width"/>
				<div> 2 </div>
			</x>
			<y>
				<copy src="map_item_body" trait="y" />
				<add src="map_item_body" trait="height" />
				<add> 20 </add> <!-- DarN 35 -->
			</y>
			<depth> 6 </depth>
			<clicksound> 2 </clicksound>
			<user0> <copy src="QuestAddedMenu" trait="user5"/> </user0>
			
			<user20> &xbuttona; </user20>
			<xdefault> &true; </xdefault>
		</rect>


		<rect name="qadd_button_2">
<include src="darn\button_no_background.xml"/>
			<id> 2 </id>
			<target> &true; </target>
			<visible> <copy src="QuestAddedMenu" trait="user6"/> </visible>
			<x>
				<copy src="parent()" trait="width" />
				<sub src="me()" trait="width"/>
				<div> 2 </div>
			</x>
			<y>
				<copy src="qadd_button" trait="height" />
				<add> 20 </add>
				<onlyif src="me()" trait="visible"/>
				<add src="qadd_button" trait="y" />
			</y>
			<depth> 6 </depth>
			<clicksound> 2 </clicksound>
			<user0> <copy src="QuestAddedMenu" trait="user7"/> </user0>
			
			<user20> &xbuttonx; </user20>
			<xdefault> &false; </xdefault>
		</rect>
		
	</rect>

</menu>
