<config xmlns:xsi="http://www.w3.org/2001/XMLSchema-instance" xsi:noNamespaceSchemaLocation="http://qconsulting.ca/fo3/ModConfig5.0.xsd">
	<moduleName>UI Controls for Oblivion</moduleName>

	<installSteps>
		<installStep name="Set UI">
			<optionalFileGroups order="Explicit">
				<group name="Select Your UI" type="SelectExactlyOne">
					<plugins order="Explicit">
						<plugin name="Vanilla UI">
							<description>
								Select this if you don't use any custom UI but instead just use the vanilla UI. This will load in some xml files that overwrite vanilla UI files and allows for navigating UI elements with keyboard keys or a gamepad.
							</description>
							<files>
								<folder source="VanillaUI/menus" destination="menus"/>
							</files>
						</plugin>
						<plugin name="Base DarN UI">
							<description>
								Select this if you use the DarNified UI by DarN himself. This will load in some xml files that overwrite his UI files and allows for navigating UI elements with keyboard keys or a gamepad.

								Note: This install currently does not support classic inventory or alternate level-up menus!
							</description>
							<files>
								<folder source="BaseDarNUI/menus" destination="menus" priority="1"/> <!--Priority is set for later when additional options allow user to specify if they require any alternate DarN UI menus from the custom_files folder-->
							</files>
						</plugin>
						<plugin name="Dark DarN UI">
							<description>
								Select this if you use the dark version of DarNified UI submitted by Gothic251. This will load in some xml files that overwrite those UI files and allows for navigating UI elements with keyboard keys or a gamepad.
							</description>
							<files>
								<folder source="DarkDarNUI/menus" destination="menus"/>
								<file source="BaseDarNUI/menus/lockpick_menu.xml" destination="menus/"/>
								<file source="BaseDarNUI/menus/chargen/class_menu.xml" destination="menus/"/>
								<file source="BaseDarNUI/menus/chargen/skills_menu.xml" destination="menus/"/>
								<file source="BaseDarNUI/menus/dialog/dialog_menu.xml" destination="menus/"/>
								<file source="BaseDarNUI/menus/dialog/persuasion_menu.xml" destination="menus/"/>
								<file source="BaseDarNUI/menus/main/inventory_menu.xml" destination="menus/"/>
								<file source="BaseDarNUI/menus/message_menu.xml" destination="menus/"/>
								<file source="BaseDarNUI/menus/training_menu.xml" destination="menus/"/>
							</files>
						</plugin>
					</plugins>
				</group>
			</optionalFileGroups>
		</installStep>
	</installSteps>
</config>