<!-- DarN Version 1.3 -->
<!-- map_menu.xml -->
<menu name="MapMenu">
	<class> &MapMenu; </class>
	<alpha>	0 </alpha>
	<locus> &true; </locus>
	<x> 0 </x>
	<y> 0 </y>
	<menufade> 0.25 </menufade>

	<user1> <copy src="strings()" trait="_missing"/> </user1>		<!-- Location Name -->
	<user2> <copy src="strings()" trait="_missing"/> </user2>		<!-- Date -->
	<user3> <copy src="strings()" trait="_missing"/> </user3>		<!-- Quest List Title -->

	<_debug> 1 </_debug>

	<user4> <copy src="screen()" trait="width"/> </user4>
	<user5>
		<copy src="screen()" trait="height"/>
		<sub> 218 </sub>
	</user5>

	<xleft> <ref src="map_tabs_prev" trait="clicked" /> </xleft>
	<xright> <ref src="map_tabs_next" trait="clicked" /> </xright>


	<!-- PRE-LOAD MAP ICONS ==========================================================================-->
	<image name="map_preload_map_icons_1">
		<filename> <copy src="darnui_settings" trait="_mapiconsall"/> </filename>
		<width> 1 </width>
		<height> 1 </height>
		<x> -100 </x>
	</image>
	<image name="map_preload_map_icons_2">
		<filename> <copy src="darnui_settings" trait="_hudcompassgoal"/> </filename>
		<width> 1 </width>
		<height> 1 </height>
		<x> -100 </x>
	</image>
	<image name="map_preload_map_icons_3">
		<filename> <copy src="darnui_settings" trait="_worldmaparrowicon"/> </filename>
		<width> 1 </width>
		<height> 1 </height>
		<x> -100 </x>
	</image>

<include src="darn\map_config.xml"/>

	<_discovered> <copy src="filter_discovered_layout" trait="user7" /> </_discovered>
	<_known> <copy src="filter_known_layout" trait="user7" /> </_known>
	<_camps> <copy src="filter_camps_layout" trait="user7" /> </_camps>
	<_caves> <copy src="filter_caves_layout" trait="user7" /> </_caves>
	<_towns> <copy src="filter_towns_layout" trait="user7" /> </_towns>
	<_ruins> <copy src="filter_ruins_layout" trait="user7" /> </_ruins>
	<_forts> <copy src="filter_forts_layout" trait="user7" /> </_forts>
	<_mines> <copy src="filter_mines_layout" trait="user7" /> </_mines>
	<_landmarks> <copy src="filter_landmarks_layout" trait="user7" /> </_landmarks>
	<_inns> <copy src="filter_inns_layout" trait="user7" /> </_inns>
	<_settlements> <copy src="filter_settlements_layout" trait="user7" /> </_settlements>
	<_shrines> <copy src="filter_shrines_layout" trait="user7" /> </_shrines>
	<_gates> <copy src="filter_gates_layout" trait="user7" /> </_gates>
	<_qm> <copy src="filter_quest_marker_layout" trait="user7" /> </_qm>
	<_pm> <copy src="filter_player_marker_layout" trait="user7" /> </_pm>
	<_pp> <copy src="filter_player_pos_layout" trait="user7" /> </_pp>

	<!-- FOCUS BOX ==========================================================================-->
	<rect name="map_focusBox">
<include src="darn\focus_box.xml"/>
		<id> 23 </id>
		<depth> 1 </depth>
		<visible> &false; </visible>
	</rect>

	<_SI>
		<copy src="map_world_map" trait="width" />
		<lte> 2048 </lte>
	</_SI>

	<_mapzoom>
		<copy src="darnui_settings" trait="_mapscale" />
		<mul> 2 </mul>
		<max> 80 </max>
		<min> 200 </min>
	</_mapzoom>

	<_mapscale>
		<copy src="me()" trait="_mapzoom" />
		<div> 100 </div>
	</_mapscale>

	<!-- MAP POP-UP ==========================================================================-->
	<image name="map_world_icon_paper">
		<id> 42 </id>
		<visible> &false; </visible>
		<depth>
			<copy src="me()" trait="user0"/>
			<add> -2 </add>
		</depth>
		<filename> <copy src="darnui_settings" trait="_worldmappaper"/> </filename>
		<width>
			<copy src="child(map_world_icon_text)" trait="width"/>
			<add> 35 </add>
		</width>
		<height> 40 </height>
		<x>
			<copy src="me()" trait="user1"/>
			<add> -8 </add>
			<onlyifnot src="me()" trait="_right_side"/>
			<add>
				<copy src="me()" trait="user1"/>
				<sub src="child(map_world_icon_text)" trait="width"/>
				<add> -20 </add> <!-- DarN -14 -->
				<onlyif src="me()" trait="_right_side"/>
			</add>
		</x>
		<y>
			<copy src="me()" trait="user2"/>
			<sub> 7	</sub> <!-- DarN -3/-7 icons now static size @hovertime -->
		</y>
		<locus> &true; </locus>
		<user0> 0 </user0>			<!-- set by code - depth of target -->
		<user1> 0 </user1>			<!-- set by code - x position of target -->
		<user2> 0 </user2>			<!-- set by code - y position of target -->
		<user6> &false; </user6>	<!-- true if marker is fast-travel enabled -->

		<_right_side>
			<copy src="me()" trait="user1"/>
			<gt>
				<copy src="map_world_map_window" trait="width"/>
				<add src="map_world_map_window" trait="x"/>
				<add src="map_world_map_window" trait="x"/>
				<add src="map_page_2" trait="x"/>
				<add src="map_background" trait="x"/>
				<div> 2 </div>
			</gt>
		</_right_side>

		<image name="map_world_icon_paper_end">
			<depth> 1 </depth>
			<filename> <copy src="darnui_settings" trait="_worldmappaperend"/> </filename>
			<width> 40 </width>
			<height> 40 </height>
			<x>
				<copy src="parent()" trait="width"/>
				<sub> 19 </sub>
			</x>
			<y> 0 </y>
		</image>

		<text name="map_world_icon_text">
			<depth> 2 </depth>
			<string> <copy src="parent()" trait="string"/> </string>
			<justify> &left; </justify>
			<x>
				<copy> 28 </copy> <!-- 30 -->
				<onlyifnot src="parent()" trait="_right_side"/>
				<add> 12 </add> <!-- 8 -->
			</x>
			<!-- <y> 6 </y> -->
			<y>
				<!-- <copy src="parent()" trait="height"/>
				<div> 2 </div>
				<add> -5 </add> -->
				15
			</y>
			<font> 2 </font>
			<red> 105 </red>
			<green> 31 </green>
			<blue> 4 </blue>
			<alpha> 255 </alpha>
		</text>
	</image>


	<!-- MAIN ==========================================================================-->
	<image name="map_background">
		<id> 9 </id>
		<target> &true; </target>
		<filename> <copy src="darnui_settings" trait="_sharedmainback1"/> </filename>
		<depth> 1 </depth>
		<width> 745 </width>
		<height> 792 </height>
		<x>
			<copy src="screen()" trait="cropx"/>
			<add src="screen()" trait="cropx"/>
			<sub> 60 </sub>
			<max src="screen()" trait="cropx"/>
			<add> 6 </add> <!-- DarN 7 CHECK -->
		</x>
		<y>
			<copy src="screen()" trait="height"/>
			<sub src="screen()" trait="cropy"/>
			<sub src="screen()" trait="cropy"/>
			<sub src="me()" trait="height"/>
			<add> 3 </add>
		</y>
		<locus> &true; </locus>
		<user0> 1 </user0>		<!-- page number that is in front... set by code -->

		<image name="map_background_2">
			<filename> <copy src="darnui_settings" trait="_sharedmainback2"/> </filename>
			<depth> -15 </depth>
			<width> 54 </width>
			<height> 792 </height>
			<x> 700 </x>
			<y> 0 </y>
		</image>

		<image name="controls_btn">
			<locus> &true; </locus>
			<depth> 98 </depth>
			<id> &generic; </id>
			<target> &true; </target>
			<visible>
				<copy src="map_page_1" trait="visible" />
				<or src="map_page_2" trait="visible" />
			</visible>
			<x>
				<copy src="map_world_map" trait="width" />
				<min src="screen()" trait="width" />
				<max> <!-- DarN no conditional min... -->
					<copy src="screen()" trait="width" />
					<onlyif src="map_page_1" trait="visible" />
				</max>
				<sub src="me()" trait="width" />
				<sub> 40 </sub>
				<sub src="screen()" trait="cropx" />
			</x>
			<y> 550 </y>
			<width> 24 </width>
			<height> 24 </height>

			<rect name="ctrlsFocusBox">
				<width> <copy src="parent()" trait="width" /> </width>
				<height> <copy src="parent()" trait="height" /> </height>
				<include src="darn\focus_box.xml" />
				<visible>
					<not src="map_controls" trait="visible" />
					<or>
						<copy src="parent()" trait="mouseover" />
						<gt> 0 </gt>
					</or>
				</visible>
				<depth> 0 </depth>
			</rect>

			<rect name="btn_rect">
				<include src="darn\map_ctrls_btn.xml" />
				<depth> 1 </depth>
				<target> &true; </target>
				<width> <copy src="parent()" trait="width" /> </width>
				<height> <copy src="parent()" trait="height" /> </height>
			</rect>
		</image>

		<rect name="map_controls">
			<visible>
				<copy src="btn_rect" trait="user7" />
				<eq> 1 </eq>
				<and src="sibling(controls_btn)" trait="visible" />
			</visible>
			<target> &true; </target> <!-- DarN stop clickthrough -->
			<depth> 99 </depth>
			<x>
				<copy src="map_world_map" trait="width" />
				<min src="screen()" trait="width" />
				<max> <!-- DarN no conditional min... -->
					<copy src="screen()" trait="width" />
					<onlyif src="map_page_1" trait="visible" />
				</max>
				<sub src="me()" trait="width" />
				<sub> 30 </sub>
				<sub src="screen()" trait="cropx" />
			</x>
			<y>
				<copy> 590 </copy> <!-- DarN keep this in case of additions -->
				<sub src="me()" trait="height" />
			</y>
			<width> 250 </width>
			<height> 520 </height>
			<locus> &true; </locus>

			<image name="map_controls_background">
				<x> 0 </x>
				<y> 0 </y>
				<width> <copy src="parent()" trait="width" /> </width>
				<height> <copy src="parent()" trait="height" /> </height>
				<filename> Textures\DarkUI\Menus\shared\shared_paper_no_tabsdui.dds </filename>
				<zoom> -1 </zoom>
			</image>

			<rect name="filter_discovered_layout">
			<include src="darn\map_toggle_control.xml" />
				<x> 10 </x>
				<y> 10 </y>
				<_icon> map\world\world_map_cave_icon.dds </_icon>
				<_value> <copy src="MapMenu" trait="_discovered" /> </_value>
				<_label> Visited Locations </_label>
				<_start><copy src="darnui_settings" trait="_show_discovered" /></_start>
				<_cropx> 0 </_cropx>
				<_cropy> 0 </_cropy>
			</rect>

			<rect name="filter_known_layout">
			<include src="darn\map_toggle_control.xml" />
				<x> 10 </x>
				<y> 36 </y>
				<_icon> map\world\world_map_cave_icon_inactive.dds </_icon>
				<_value> <copy src="MapMenu" trait="_known" /> </_value>
				<_label> Known Locations </_label>
				<_start><copy src="darnui_settings" trait="_show_known" /></_start>
				<_cropx> 0 </_cropx>
				<_cropy> 0 </_cropy>
			</rect>

			<image name="line2">
				<depth> 1 </depth>
				<x> 10 </x>
				<y> 65 </y>
				<filename> Stats\stat_border_horizontal_1.dds </filename>
				<zoom> 50 </zoom>
				<width> 220 </width>
				<height> 3 </height>
			</image>

			<rect name="filter_camps_layout">
			<include src="darn\map_toggle_control.xml" />
				<x> 10 </x>
				<y> 70 </y>
				<_icon> icons\map\map_icons_all.dds </_icon>
				<_value> <copy src="MapMenu" trait="_camps" /> </_value>
				<_label> Camps </_label>
				<_start><copy src="darnui_settings" trait="_show_camps" /></_start>
				<_cropx> 0 </_cropx>
				<_cropy> 1 </_cropy>
			</rect>

			<rect name="filter_caves_layout">
			<include src="darn\map_toggle_control.xml" />
				<x> 10 </x>
				<y> 96 </y>
				<_icon> icons\map\map_icons_all.dds </_icon>
				<_value> <copy src="MapMenu" trait="_caves" /> </_value>
				<_label> Caves </_label>
				<_start><copy src="darnui_settings" trait="_show_caves" /></_start>
				<_cropx> 1 </_cropx>
				<_cropy> 1 </_cropy>
			</rect>

			<rect name="filter_towns_layout">
			<include src="darn\map_toggle_control.xml" />
				<x> 10 </x>
				<y> 122 </y>
				<_icon> icons\map\map_icons_all.dds </_icon>
				<_value> <copy src="MapMenu" trait="_towns" /> </_value>
				<_label> Towns </_label>
				<_start><copy src="darnui_settings" trait="_show_towns" /></_start>
				<_cropx> 2 </_cropx>
				<_cropy> 1 </_cropy>
			</rect>

			<rect name="filter_ruins_layout">
			<include src="darn\map_toggle_control.xml" />
				<x> 10 </x>
				<y> 148 </y>
				<_icon> icons\map\map_icons_all.dds </_icon>
				<_value> <copy src="MapMenu" trait="_ruins" /> </_value>
				<_label> Ruins </_label>
				<_start><copy src="darnui_settings" trait="_show_ruins" /></_start>
				<_cropx> 3 </_cropx>
				<_cropy> 1 </_cropy>
			</rect>

			<rect name="filter_forts_layout">
			<include src="darn\map_toggle_control.xml" />
				<x> 10 </x>
				<y> 174 </y>
				<_icon> icons\map\map_icons_all.dds </_icon>
				<_value> <copy src="MapMenu" trait="_forts" /> </_value>
				<_label> Forts </_label>
				<_start><copy src="darnui_settings" trait="_show_forts" /></_start>
				<_cropx> 4 </_cropx>
				<_cropy> 1 </_cropy>
			</rect>

			<rect name="filter_mines_layout">
			<include src="darn\map_toggle_control.xml" />
				<x> 10 </x>
				<y> 200 </y>
				<_icon> icons\map\map_icons_all.dds </_icon>
				<_value> <copy src="MapMenu" trait="_mines" /> </_value>
				<_label> Mines </_label>
				<_start><copy src="darnui_settings" trait="_show_mines" /></_start>
				<_cropx> 5 </_cropx>
				<_cropy> 1 </_cropy>
			</rect>

			<rect name="filter_landmarks_layout">
			<include src="darn\map_toggle_control.xml" />
				<x> 10 </x>
				<y> 226 </y>
				<_icon> icons\map\map_icons_all.dds </_icon>
				<_value> <copy src="MapMenu" trait="_landmarks" /> </_value>
				<_label> Landmarks </_label>
				<_start><copy src="darnui_settings" trait="_show_landmarks" /></_start>
				<_cropx> 6 </_cropx>
				<_cropy> 1 </_cropy>
			</rect>

			<rect name="filter_inns_layout">
			<include src="darn\map_toggle_control.xml" />
				<x> 10 </x>
				<y> 252 </y>
				<_icon> icons\map\map_icons_all.dds </_icon>
				<_value> <copy src="MapMenu" trait="_inns" /> </_value>
				<_label> Inns </_label>
				<_start><copy src="darnui_settings" trait="_show_inns" /></_start>
				<_cropx> 7 </_cropx>
				<_cropy> 1 </_cropy>
			</rect>

			<rect name="filter_settlements_layout">
			<include src="darn\map_toggle_control.xml" />
				<x> 10 </x>
				<y> 278 </y>
				<_icon> icons\map\map_icons_all.dds </_icon>
				<_value> <copy src="MapMenu" trait="_settlements" /> </_value>
				<_label> Settlements </_label>
				<_start><copy src="darnui_settings" trait="_show_settlements" /></_start>
				<_cropx> 8 </_cropx>
				<_cropy> 1 </_cropy>
			</rect>

			<rect name="filter_shrines_layout">
			<include src="darn\map_toggle_control.xml" />
				<x> 10 </x>
				<y> 304 </y>
				<_icon> icons\map\map_icons_all.dds </_icon>
				<_value> <copy src="MapMenu" trait="_shrines" /> </_value>
				<_label> Shrines </_label>
				<_start><copy src="darnui_settings" trait="_show_shrines" /></_start>
				<_cropx> 9 </_cropx>
				<_cropy> 1 </_cropy>
			</rect>

			<rect name="filter_gates_layout">
			<include src="darn\map_toggle_control.xml" />
				<x> 10 </x>
				<y> 330 </y>
				<_icon> icons\map\map_icons_all.dds </_icon>
				<_value> <copy src="MapMenu" trait="_gates" /> </_value>
				<_label> Gates </_label>
				<_start><copy src="darnui_settings" trait="_show_gates" /></_start>
				<_cropx> 10 </_cropx>
				<_cropy> 1 </_cropy>
			</rect>

			<rect name="filter_quest_marker_layout">
			<include src="darn\map_toggle_control.xml" />
				<x> 10 </x>
				<y> 356 </y>
				<_icon> map\world\world_map_marker_red_flag.dds </_icon>
				<_value> <copy src="MapMenu" trait="_qm" /> </_value>
				<_label> Quest Markers </_label>
				<_start><copy src="darnui_settings" trait="_show_qm" /></_start>
				<_cropx> 0 </_cropx>
				<_cropy> 0 </_cropy>
				<_xadj> 2 </_xadj>
			</rect>

			<rect name="filter_player_marker_layout">
			<include src="darn\map_toggle_control.xml" />
				<x> 10 </x>
				<y> 382 </y>
				<_icon> darn\player_marker.dds </_icon>
				<_value> <copy src="MapMenu" trait="_pm" /> </_value>
				<_label> Player Marker </_label>
				<_start><copy src="darnui_settings" trait="_show_pm" /></_start>
				<_cropx> 0 </_cropx>
				<_cropy> 0 </_cropy>
				<_xadj> 2 </_xadj>
			</rect>

			<rect name="filter_player_pos_layout">
			<include src="darn\map_toggle_control.xml" />
				<x> 10 </x>
				<y> 408 </y>
				<_icon> darn\pa2.dds </_icon>
				<_value> <copy src="MapMenu" trait="_pp" /> </_value>
				<_label> Player Position </_label>
				<_start><copy src="darnui_settings" trait="_show_pp" /></_start>
				<_cropx> 0 </_cropx>
				<_cropy> 0 </_cropy>
			</rect>

			<image name="line1">
				<depth> 1 </depth>
				<x> 10 </x>
				<y> 437 </y>
				<filename> Stats\stat_border_horizontal_1.dds </filename>
				<zoom> 50 </zoom>
				<width> 220 </width>
				<height> 3 </height>
			</image>

			<image name="center_map_btn">
			<include src="darn\map_ctr_btn.xml"/>
				<x> 17 </x>
				<y>
					<copy src="scale_label" trait="y"/>
					<sub> 6 </sub>
				</y>
				<depth> 1 </depth>
				<!-- id for local/world map -->
				<user6>
					<copy> 1 </copy>
					<add>
						<copy> 1 </copy>
						<onlyif src="map_page_2" trait="visible" />
					</add>
				</user6>
			</image>

			<text name="scale_label">
				<visible> <copy src="map_page_2" trait="visible" /> </visible>
				<depth> 1 </depth>
				<justify> &right; </justify>
				<x>
					<copy src="sibling(scale_value)" trait="x" />
					<sub src="sibling(scale_value)" trait="width" />
					<add> -10 </add>
				</x>
				<y>
					<copy src="parent()" trait="height" />
					<sub src="me()" trait="height" />
					<sub> 48 </sub>
				</y>
				<font> 2 </font>
				<red> 217 </red>
				<green> 185 </green>
				<blue> 102 </blue>
				<alpha> 255 </alpha>
				<string> Scale: </string>
			</text>
			<text name="scale_value">
				<visible> <copy src="sibling(scale_label)" trait="visible" /> </visible>
				<depth> 1 </depth>
				<justify> &right; </justify>
				<x>
					<copy src="parent()" trait="width" />
					<sub> 18 </sub>
				</x>
				<y> <copy src="sibling(scale_label)" trait="y" /> </y>
				<font> 2 </font>
				<red> 217 </red>
				<green> 185 </green>
				<blue> 102 </blue>
				<alpha> 255 </alpha>
				<string>
					<copy src="MapMenu" trait="_mapzoom" />
					<div> 2 </div>
				</string>
			</text>

		</rect> <!-- DarN map_controls -->

		<!-- TABS ============================================================== -->
		<image name="map_tabs">
			<filename> <copy src="darnui_settings" trait="_sharedpagetabs"/> </filename>
			<locus> &true; </locus>
			<depth> 1 </depth>
			<width> 730 </width>
			<height> 128 </height>
			<x> 0 </x>
			<y> 594 </y>

			<rect name="map_tabs_prev">
				<id> 7 </id>
				<target> &true; </target>
				<width> 1 </width>
				<height> 1 </height>
				<x> -1 </x>
				<y> -1 </y>
				<clicksound>5</clicksound>
			</rect>

			<rect name="map_tabs_next">
				<id> 8 </id>
				<target> &true; </target>
				<width> 1 </width>
				<height> 1 </height>
				<x> -1 </x>
				<y> -1 </y>
				<clicksound>5</clicksound>
			</rect>

			<rect name="map_tabs_p1">
				<id> 1 </id>
				<target> <copy src="map_page_1" trait="visible"/> <eq> &false; </eq> </target>
				<depth> 7 </depth>
				<width> 135 </width>
				<height> 85 </height>
				<x> 28 </x>
				<y> 37 </y>
				<locus> &true; </locus>
				<clicksound> 5 </clicksound>
				<image name="map_tabs_p1_icon">
					<filename> <copy src="darnui_settings" trait="_alltabsicons"/> </filename>
					<cropx> 0 </cropx>
					<cropy>
						<copy> 192 </copy>
						<mul src="me()" trait="zoom" />
						<div> 100 </div>
					</cropy> <!-- DarN 128 -->
					<width> <!-- DarN 64 -->
						<copy> 64 </copy>
						<mul src="me()" trait="zoom" />
						<div> 100 </div>
					</width>
					<height> <copy src="me()" trait="width" /> </height> <!-- DarN 64 -->
					<!-- <x> 45 </x> --> <!-- DarN 37 -->
					<x>
						<copy src="parent()" trait="width" />
						<sub src="me()" trait="width" />
						<div> 2 </div>
					</x>
					<y>
						<copy src="parent()" trait="height" />
						<sub src="me()" trait="height" />
						<div> 2 </div>
					</y> <!-- DarN 8 -->
					<zoom>
						<copy> 75 </copy>
						<add>
							<copy> 15 </copy>
							<onlyif>
								<copy src="parent()" trait="mouseover" />
								<eq> 1 </eq>
								<or><not src="parent()" trait="target" /></or>
							</onlyif>
						</add>
					</zoom> <!-- DarN add -->
				</image>
				<image name="map_tabs_p1_selection_off">
					<filename> <copy src="darnui_settings" trait="_generaltaboff"/> </filename>
					<visible> <copy src="parent()" trait="target"/> <eq> &true; </eq> </visible>
					<width> 136 </width>
					<height> 36 </height>
					<x> 0 </x>
					<y> 24 </y>
				</image>
				<image name="map_tabs_p1_selection_on">
					<filename> <copy src="darnui_settings" trait="_generaltabon"/> </filename>
					<visible> <copy src="parent()" trait="target"/> <eq> &false; </eq> </visible>
					<width> 136 </width>
					<height> 36 </height>
					<x> 0 </x>
					<y> 24 </y>
				</image>
			</rect>

			<rect name="map_tabs_p2">
				<id> 2 </id>
				<target> <copy src="map_page_2" trait="visible"/> <eq> &false; </eq> </target>
				<depth> 7 </depth>
				<width> 135 </width>
				<height> 85 </height>
				<x> 165 </x>
				<y> 37 </y>
				<locus> &true; </locus>
				<clicksound>5</clicksound>
				<image name="map_tabs_p2_icon">
					<filename> <copy src="darnui_settings" trait="_alltabsicons"/> </filename>
					<cropx>
						<copy> 64 </copy>
						<mul src="me()" trait="zoom" />
						<div> 100 </div>
					</cropx>
					<cropy>
						<copy> 192 </copy>
						<mul src="me()" trait="zoom" />
						<div> 100 </div>
					</cropy> <!-- DarN 128 -->
					<width> <!-- DarN 64 -->
						<copy> 64 </copy>
						<mul src="me()" trait="zoom" />
						<div> 100 </div>
					</width>
					<height> <copy src="me()" trait="width" /> </height> <!-- DarN 64 -->
					<!-- <x> 45 </x> --> <!-- DarN 37 -->
					<x>
						<copy src="parent()" trait="width" />
						<sub src="me()" trait="width" />
						<div> 2 </div>
					</x>
					<y>
						<copy src="parent()" trait="height" />
						<sub src="me()" trait="height" />
						<div> 2 </div>
					</y> <!-- DarN 8 -->
					<zoom>
						<copy> 75 </copy>
						<add>
							<copy> 15 </copy>
							<onlyif>
								<copy src="parent()" trait="mouseover" />
								<eq> 1 </eq>
								<or><not src="parent()" trait="target" /></or>
							</onlyif>
						</add>
					</zoom> <!-- DarN add -->
				</image>
				<image name="map_tabs_p2_selection_off">
					<filename> <copy src="darnui_settings" trait="_generaltaboff"/> </filename>
					<visible> <copy src="parent()" trait="target"/> <eq> &true; </eq> </visible>
					<width> 136 </width>
					<height> 36 </height>
					<x> 0 </x>
					<y> 24 </y>
				</image>
				<image name="map_tabs_p2_selection_on">
					<filename> <copy src="darnui_settings" trait="_generaltabon"/> </filename>
					<visible> <copy src="parent()" trait="target"/> <eq> &false; </eq> </visible>
					<width> 136 </width>
					<height> 36 </height>
					<x> 0 </x>
					<y> 24 </y>
				</image>
			</rect>

			<rect name="map_tabs_p3">
				<id> 3 </id>
				<target> <copy src="map_page_3" trait="visible"/> <eq> &false; </eq> </target>
				<depth> 7 </depth>
				<width> 135 </width>
				<height> 85 </height>
				<x> 304 </x>
				<y> 37 </y>
				<locus> &true; </locus>
				<clicksound>5</clicksound>
				<image name="map_tabs_p3_icon">
					<filename> <copy src="darnui_settings" trait="_alltabsicons"/> </filename>
					<cropx>
						<copy> 256 </copy>
						<mul src="me()" trait="zoom" />
						<div> 100 </div>
					</cropx>
					<cropy>
						<copy> 192 </copy>
						<mul src="me()" trait="zoom" />
						<div> 100 </div>
					</cropy> <!-- DarN 128 -->
					<width> <!-- DarN 64 -->
						<copy> 64 </copy>
						<mul src="me()" trait="zoom" />
						<div> 100 </div>
					</width>
					<height> <copy src="me()" trait="width" /> </height> <!-- DarN 64 -->
					<!-- <x> 45 </x> --> <!-- DarN 37 -->
					<x>
						<copy src="parent()" trait="width" />
						<sub src="me()" trait="width" />
						<div> 2 </div>
					</x>
					<y>
						<copy src="parent()" trait="height" />
						<sub src="me()" trait="height" />
						<div> 2 </div>
					</y> <!-- DarN 8 -->
					<zoom>
						<copy> 75 </copy>
						<add>
							<copy> 15 </copy>
							<onlyif>
								<copy src="parent()" trait="mouseover" />
								<eq> 1 </eq>
								<or><not src="parent()" trait="target" /></or>
							</onlyif>
						</add>
					</zoom> <!-- DarN add -->
				</image>
				<image name="map_tabs_p3_selection_off">
					<filename> <copy src="darnui_settings" trait="_generaltaboff"/> </filename>
					<visible> <copy src="parent()" trait="target"/> <eq> &true; </eq> </visible>
					<width> 136 </width>
					<height> 36 </height>
					<x> 0 </x>
					<y> 24 </y>
				</image>
				<image name="map_tabs_p3_selection_on">
					<filename> <copy src="darnui_settings" trait="_generaltabon"/> </filename>
					<visible> <copy src="parent()" trait="target"/> <eq> &false; </eq> </visible>
					<width> 136 </width>
					<height> 36 </height>
					<x> 0 </x>
					<y> 24 </y>
				</image>
			</rect>

			<rect name="map_tabs_p4">
				<id> 4 </id>
				<target> <copy src="map_page_4" trait="visible"/> <eq> &false; </eq> </target>
				<depth> 7 </depth>
				<width> 135 </width>
				<height> 85 </height>
				<x> 443 </x>
				<y> 37 </y>
				<locus> &true; </locus>
				<clicksound>5</clicksound>
				<image name="map_tabs_p4_icon">
					<filename> <copy src="darnui_settings" trait="_alltabsicons"/> </filename>
					<depth> -1 </depth>
					<cropx>
						<copy> 192 </copy>
						<mul src="me()" trait="zoom" />
						<div> 100 </div>
					</cropx>
					<cropy>
						<copy> 192 </copy>
						<mul src="me()" trait="zoom" />
						<div> 100 </div>
					</cropy> <!-- DarN 128 -->
					<width> <!-- DarN 64 -->
						<copy> 64 </copy>
						<mul src="me()" trait="zoom" />
						<div> 100 </div>
					</width>
					<height> <copy src="me()" trait="width" /> </height> <!-- DarN 64 -->
					<!-- <x> 45 </x> --> <!-- DarN 37 -->
					<x>
						<copy src="parent()" trait="width" />
						<sub src="me()" trait="width" />
						<div> 2 </div>
					</x>
					<y>
						<copy src="parent()" trait="height" />
						<sub src="me()" trait="height" />
						<div> 2 </div>
					</y> <!-- DarN 8 -->
					<zoom>
						<copy> 75 </copy>
						<add>
							<copy> 15 </copy>
							<onlyif>
								<copy src="parent()" trait="mouseover" />
								<eq> 1 </eq>
								<or><not src="parent()" trait="target" /></or>
							</onlyif>
						</add>
					</zoom> <!-- DarN add -->
				</image>
				<image name="map_tabs_p4_selection_off">
					<filename> <copy src="darnui_settings" trait="_generaltaboff"/> </filename>
					<depth> -3 </depth>
					<visible> <copy src="parent()" trait="target"/> <eq> &true; </eq> </visible>
					<width> 136 </width>
					<height> 36 </height>
					<x> 0 </x>
					<y> 24 </y>
				</image>
				<image name="map_tabs_p4_selection_on">
					<filename> <copy src="darnui_settings" trait="_generaltabon"/> </filename>
					<visible> <copy src="parent()" trait="target"/> <eq> &false; </eq> </visible>
					<width> 136 </width>
					<height> 36 </height>
					<x> 0 </x>
					<y> 24 </y>
				</image>
			</rect>

			<rect name="map_tabs_p5">
				<id> 5 </id>
				<target> <copy src="map_page_5" trait="visible"/> <eq> &false; </eq> </target>
				<depth> 7 </depth>
				<width> 135 </width>
				<height> 85 </height>
				<x> 578 </x>
				<y> 37 </y>
				<locus> &true; </locus>
				<clicksound>5</clicksound>
				<image name="map_tabs_p5_icon">
					<filename> <copy src="darnui_settings" trait="_alltabsicons"/> </filename>
					<cropx>
						<copy> 128 </copy>
						<mul src="me()" trait="zoom" />
						<div> 100 </div>
					</cropx>
					<cropy>
						<copy> 192 </copy>
						<mul src="me()" trait="zoom" />
						<div> 100 </div>
					</cropy> <!-- DarN 128 -->
					<width> <!-- DarN 64 -->
						<copy> 64 </copy>
						<mul src="me()" trait="zoom" />
						<div> 100 </div>
					</width>
					<height> <copy src="me()" trait="width" /> </height> <!-- DarN 64 -->
					<!-- <x> 45 </x> --> <!-- DarN 37 -->
					<x>
						<copy src="parent()" trait="width" />
						<sub src="me()" trait="width" />
						<div> 2 </div>
					</x>
					<y>
						<copy src="parent()" trait="height" />
						<sub src="me()" trait="height" />
						<div> 2 </div>
					</y> <!-- DarN 8 -->
					<zoom>
						<copy> 75 </copy>
						<add>
							<copy> 15 </copy>
							<onlyif>
								<copy src="parent()" trait="mouseover" />
								<eq> 1 </eq>
								<or><not src="parent()" trait="target" /></or>
							</onlyif>
						</add>
					</zoom> <!-- DarN add -->
				</image>
				<image name="map_tabs_p5_selection_off">
					<filename> <copy src="darnui_settings" trait="_generaltaboff"/> </filename>
					<visible> <copy src="parent()" trait="target"/> <eq> &true; </eq> </visible>
					<width> 136 </width>
					<height> 36 </height>
					<x> 0 </x>
					<y> 24 </y>
				</image>
				<image name="map_tabs_p5_selection_on">
					<filename> <copy src="darnui_settings" trait="_generaltabon"/> </filename>
					<visible> <copy src="parent()" trait="target"/> <eq> &false; </eq> </visible>
					<width> 136 </width>
					<height> 36 </height>
					<x> 0 </x>
					<y> 24 </y>
				</image>
			</rect>
		</image>

		<!-- TAB BUTTONS *******************************************************************************-->
		<rect name="map_tab_layout">
			<x> 26 </x>
			<y> 20 </y>
			<locus> &true; </locus>

			<rect name="map_tabs_prev">
				<id> 7 </id>
				<target> &true; </target>
				<width> 1 </width>
				<height> 1 </height>
				<x> -1 </x>
				<y> -1 </y>
				<clicksound>5</clicksound>
			</rect>

			<rect name="map_tabs_next">
				<id> 8 </id>
				<target> &true; </target>
				<width> 1 </width>
				<height> 1 </height>
				<x> -1 </x>
				<y> -1 </y>
				<clicksound>5</clicksound>
			</rect>

			<rect name="map_tab_page_5_target">
				<id> 5 </id>
				<target> <copy src="map_page_5" trait="_is_topmost"/> <eq> &false; </eq> </target>
				<depth> 2 </depth>
				<width> 132 </width>
				<height> 85 </height>
				<x> 555 </x>
				<y> 603 </y>
				<clicksound>5</clicksound>
				<user0> 5 </user0>
			</rect>
			<rect name="map_tab_page_4_target">
				<id> 4 </id>
				<target> <copy src="map_page_4" trait="_is_topmost"/> <eq> &false; </eq> </target>
				<depth> 2 </depth>
				<alpha> 0 </alpha>
				<width> 132 </width>
				<height> 85 </height>
				<x> 415 </x>
				<y> 603 </y>
				<clicksound>5</clicksound>
				<user0> 4 </user0>
			</rect>
			<rect name="map_tab_page_3_target">
				<id> 3 </id>
				<target> <copy src="map_page_3" trait="_is_topmost"/> <eq> &false; </eq> </target>
				<depth> 2 </depth>
				<alpha> 0 </alpha>
				<width> 132 </width>
				<height> 85 </height>
				<x> 279 </x>
				<y> 603 </y>
				<clicksound>5</clicksound>
				<user0> 3 </user0>
			</rect>
			<rect name="map_tab_page_2_target">
				<id> 2 </id>
				<target> <copy src="map_page_2" trait="_is_topmost"/> <eq> &false; </eq> </target>
				<depth> 2 </depth>
				<alpha> 0 </alpha>
				<width> 132 </width>
				<height> 85 </height>
				<x> 144 </x>
				<y> 603 </y>
				<clicksound>5</clicksound>
				<user0> 2 </user0>
			</rect>
			<rect name="map_tab_page_1_target">
				<id> 1 </id>
				<target> <copy src="map_page_1" trait="_is_topmost"/> <eq> &false; </eq> </target>
				<depth> 2 </depth>
				<alpha> 0 </alpha>
				<width> 140 </width>
				<height> 85 </height>
				<x> 0 </x>
				<y> 603 </y>
				<clicksound>5</clicksound>
				<user0> 2 </user0>
			</rect>
		</rect>

		<!-- PAGE 5 *******************************************************************************-->
		<rect name="map_page_5">
			<visible> <copy src="me()" trait="_is_topmost"/> </visible>
			<width> 690 </width>
			<height> 691 </height>
			<x> 26 </x>
			<y> 20 </y>
			<depth> 2 </depth>
			<locus> &true; </locus>
			<_is_topmost>
				<copy src="parent()" trait="user0"/>
				<eq> 5 </eq>
			</_is_topmost>

			<image name="map_p5">
				<filename> <copy src="darnui_settings" trait="_sharedtab5"/> </filename>
				<width> 791 </width>
				<height> 176 </height>
				<x> -3 </x>
				<y> 522 </y>
				<depth> 2 </depth>
			</image>

			<image name="map_page_5_extensionh"> <!-- Height Extension -->
				<filename> <copy src="darnui_settings" trait="_sharedmainback1"/> </filename>
				<target> &true; </target>
				<width> 750 </width>
				<height> 635 </height>
				<x> -26 </x>
				<y> -530 </y>
				<cropy>-400</cropy>
				<depth> 4 </depth>
				<locus> &true; </locus>
			</image>

			<image name="map_page_5_extension2"> <!-- Height Extension -->
				<filename> <copy src="darnui_settings" trait="_pageextention"/> </filename>
				<target> &true; </target>
				<width> 567 </width>
				<height> 635 </height>
				<x> 585 </x>
				<y> -530 </y>
				<cropy>-400</cropy>
				<depth> 5 </depth>
				<locus> &true; </locus>
			</image>

			<image name="map_page_5_extension">
				<filename> <copy src="darnui_settings" trait="_pageextention"/> </filename>
				<target> &true; </target>
				<width> 567 </width>
				<height> 635 </height>
				<x> 585 </x>
				<y> 0 </y>
				<depth> 3 </depth> <!-- DarN 4 -->
				<locus> &true; </locus>
			</image>
		</rect>

		<!-- PAGE 4 *******************************************************************************-->
		<rect name="map_page_4">
			<visible> <copy src="me()" trait="_is_topmost"/> </visible>
			<width> 690 </width>
			<height> 688 </height>
			<x> 26 </x>
			<y> 20 </y>
			<depth> 2 </depth>
			<locus> &true; </locus>
			<_is_topmost>
				<copy src="parent()" trait="user0"/>
				<eq> 4 </eq>
			</_is_topmost>

			<image name="map_p4">
				<filename> <copy src="darnui_settings" trait="_sharedtab4"/> </filename>
				<width> 791 </width>
				<height> 176 </height>
				<x> -3 </x>
				<y> 522 </y>
				<depth> 2 </depth>
			</image>

			<image name="map_page_4_extension"> <!-- Height Extension -->
				<filename> <copy src="darnui_settings" trait="_sharedmainback1"/> </filename>
				<target> &true; </target>
				<width> 750 </width>
				<height> 635 </height>
				<x> -26 </x>
				<y> -530 </y>
				<cropy>-400</cropy>
				<depth> 4 </depth> <!-- DarN 4 CHECK -->
				<locus> &true; </locus>
			</image>

			<image name="map_page_4_extension2"> <!-- Height Extension -->
				<filename> <copy src="darnui_settings" trait="_pageextention"/> </filename>
				<target> &true; </target>
				<width> 567 </width>
				<height> 635 </height>
				<x> 585 </x>
				<y> -530 </y>
				<cropy>-400</cropy>
				<depth> 5 </depth>
				<locus> &true; </locus>
			</image>

			<image name="map_page_4_extension">
				<filename> <copy src="darnui_settings" trait="_pageextention"/> </filename>
				<target> &true; </target>
				<width> 567 </width>
				<height> 635 </height>
				<x> 585 </x>
				<y> 0 </y>
				<depth> 3 </depth> <!-- DarN 4 -->
				<locus> &true; </locus>
			</image>
		</rect>


		<!-- ############### LOG PAGE 4 ############### -->

		<rect name="map_contents_3_4_5">
			<locus> &true; </locus>
			<visible>
				<copy src="map_page_3" trait="_is_topmost"/>
				<or src="map_page_4" trait="_is_topmost"/>
				<or src="map_page_5" trait="_is_topmost"/>
			</visible>
			<depth> 30 </depth>
			<alpha> 0 </alpha>
			<x> 8 </x>
			<y> -40 </y>

			<image name="map_log_lines_top">
				<filename> <copy src="darnui_settings" trait="_statborderhorizontal1"/> </filename>
				<depth> 1 </depth>
				<width> 636 </width>
				<height> 3 </height>
				<x> 40 </x>
				<y> 42 </y>
			</image>

			<image name="map_log_lines_top2">
				<filename> <copy src="darnui_settings" trait="_statborderhorizontal2"/> </filename>
				<depth> 1 </depth>
				<width> 436 </width>
				<height> 3 </height>
				<x> 650 </x>
				<y> 42 </y><!-- DarN BTMod bugfix 162 -->
			</image>

			<!-- <image name="map_log_lines_bottom">
				<filename> <copy src="darnui_settings" trait="_statborderhorizontal2"/> </filename>
				<depth> 1 </depth>
				<width> 636 </width>
				<height> 3 </height>
				<x> 40 </x>
				<y> 650 </y>
			</image>
			<image name="map_log_lines_bottom2">
				<filename> <copy src="darnui_settings" trait="_statborderhorizontal2"/> </filename>
				<depth> 1 </depth>
				<width> 436 </width>
				<height> 3 </height>
				<x> 650 </x>
				<y> 650 </y>
			</image> -->

			<image name="map_log_scroll_bar">
<include src="vertical_scroll.xml"/>
				<id> 11 </id>
				<x>
					<copy src="map_log_window" trait="x" />
					<add src="map_log_window" trait="width" />
					<add> 25 </add>
				</x>
				<y>
					<copy src="map_log_window" trait="y" />
					<add> 32 </add>
				</y>
				<height>
					<copy src="map_log_window" trait="height" />
					<sub> 64 </sub>
				</height>
				<depth> 5 </depth>
				<user1> 0 </user1>		<!-- code set - minimum range value -->
				<user2>
					<copy src="map_log_window_pane" trait="height" />
					<sub src="me()" trait="user8"/>
				</user2>				<!-- maximum range value -->
				<user3> 40 </user3>		<!-- step distance -->
				<user4>
					<copy src="map_log_window" trait="height"/>
					<sub> 35 </sub>
				</user4>		<!-- jump distance -->
				<user5> 0 </user5>		<!-- code set - force value (must be 0 here) -->
				<user6> 12 </user6>		<!-- marker's id - must change to enable dragging -->
				<!-- user7 -->			<!-- current value -->
				<user8> <copy src="map_log_window" trait="height"/> </user8>		<!-- number of items visible -->
			</image>

			<!-- WINDOW ================================================================-->
			<rect name="map_log_window">
				<alpha> 0 </alpha>
				<depth> 4 </depth>
				<width> 1060 </width>
				<height> 600 </height> <!-- DarN BTMod bugfix 585 -->
				<locus> &true; </locus>
				<clipwindow> &true; </clipwindow>
				<x> 25 </x>
				<y> 50 </y>

				<rect name="map_log_window_pane">
					<id> 13 </id>
					<alpha> 0 </alpha>
					<locus> &true; </locus>
					<height> 0 </height>		<!-- gets set by code -->
					<y>
						<copy> 0 </copy>
						<sub src="map_log_scroll_bar" trait="user7"/>
					</y>
					<user0> 0 </user0>	<!-- number of items in list -->

					<!-- This is a list pane, and is not a focus itself, but when the child elements don't know how to handle
						an input command, they defer to their parent. The following directions are for those times. -->
					<target> &false; </target>
					<xdefault> &true; </xdefault>
					<xlist> &xlist; </xlist>
					<xscroll> <ref src="map_log_scroll_bar" trait="user5" /> </xscroll>

					<template name="map_item_template">
						<rect name="map_item">
							<id> 51 </id>
							<target> &true; </target>
							<repeatvertical> &true; </repeatvertical>
							<focusinset> 5 </focusinset>
							<x> 0 </x>
							<y>
								<copy src="me()" trait="user5"/>
							</y>
							<depth> 4 </depth>
							<locus> &true; </locus>
							<alpha> 0 </alpha>
							<width> 1068 </width> <!-- DarN 1068 revived -->
							<height>
								<copy> 50 </copy>
								<add src="child(map_item_body)" trait="height"/>
							</height>
							<wrapwidth> 1000 </wrapwidth>	<!-- this is used instead of the one on map_item_text, change it both places only -->
							<clips> &true; </clips>
							<listindex> 0 </listindex>		<!-- list position index... set by code -->
							<user1> xxx </user1>			<!-- entry's name -->
							<user2> xxx </user2>			<!-- entry's date -->
							<user3> xxx </user3>			<!-- entry's body -->
							<user4> <copy src="darnui_settings" trait="_iconinvarmor1"/> </user4>	<!-- icon for this entry -->
							<user5> 0 </user5>				<!-- entry's y position in the list -->
							<user6> &false; </user6>		<!-- is this the active quest -->
							<user7> 0 </user7>				<!-- auction id -->

							<!-- This element is a list item. If it gets an input command it doesn't know how to handle
								it will defer the command to its parent. The xlist trait set to true triggers this. -->
							<xdefault> &false; </xdefault>
							<xlist> &xitem; </xlist>
							<xup> &prev; </xup>
							<xdown> &next; </xdown>
							<xscroll>
								<copy src="me()" trait="y" />
								<sub>
									<copy src="map_log_scroll_bar" trait="height"/>
									<sub src="me()" trait="height"/>
									<div> 2 </div>
									<ceil> 0 </ceil>
									<onlyif>
										<copy src="map_log_scroll_bar" trait="height"/>
										<gt src="me()" trait="height"/>
									</onlyif>
								</sub>
							</xscroll>
						<!-- DarN - Quest entries -->
							<text name="map_item_name">
								<visible>
									<copy src="map_log_back" trait="visible"/>
									<eq> &false; </eq>
								</visible>
								<depth> 2 </depth>
								<justify> &left; </justify>
								<red> 237 </red>
								<green> 228 </green>
								<blue> 160 </blue>
								<font> 3 </font>
								<alpha>
									<copy src="darnui_settings" trait="_questfade"/> <onlyifnot src="parent()" trait="user6"/>
									<add> 255 </add>
								</alpha>
								<wrapwidth> 1050 </wrapwidth> <!-- DarN 1050 revived -->
								<string> <copy src="parent()" trait="user1" /> </string>
								<x> 55 </x>
								<y> 2 </y> <!-- DarN 7 -->
								<clips> &true; </clips>
							</text>
							<text name="map_item_date">
								<depth> 2 </depth>
								<justify> &left; </justify>
								<red> 237 </red>
								<green> 228 </green>
								<blue> 160 </blue>
								<font> 2 </font>
								<alpha>
									<copy src="darnui_settings" trait="_questfade"/> <onlyifnot src="parent()" trait="user6"/>
									<add> 255 </add>
								</alpha>
								<wrapwidth> 1050 </wrapwidth>
								<string> <copy src="parent()" trait="user2" /> </string>
								<x>
									<copy> 0 </copy><onlyifnot src="map_log_back" trait="visible"/> <!-- DarN 370 -->
									<add> 55 </add>
								</x>
								<y> 28 </y> <!-- DarN 12 -->
								<clips> &true; </clips>
							</text>
							<text name="map_item_body">
								<depth> 2 </depth>
								<justify> &left; </justify>
								<red> 217 </red>
								<green> 185 </green>
								<blue> 102 </blue>
								<font> 2 </font>
								<alpha>
									<copy src="darnui_settings" trait="_questfade"/> <onlyifnot src="parent()" trait="user6"/>
									<add> 255 </add>
								</alpha>
								<wrapwidth>
									<copy src="parent()" trait="width" />
									<sub> 50 </sub>
								</wrapwidth> <!-- DarN  1050  -->
								<!--highlines> &true; </highlines-->	<!-- don't compress paragraphs, use full line height -->
								<string> <copy src="parent()" trait="user3" /> </string>
								<x> 10 </x>
								<y> 50 </y> <!-- DarN 40 -->
								<clips> &true; </clips>
							</text>

							<image name="map_log_item_icon">
								<depth> 2 </depth>
								<filename> <copy src="parent()" trait="user4"/> </filename>
								<width> 40 </width>
								<height> 40 </height>
								<zoom> 60 </zoom>
								<alpha>
									<copy src="darnui_settings" trait="_questfade"/> <onlyifnot src="parent()" trait="user6"/>
									<add> 255 </add>
								</alpha>
								<x> 10 </x>
								<y> 5 </y>
								<clips> &true; </clips>
							</image>
						</rect>
					</template>

				</rect>


				<!-- BUTTON - MAP ================================================================-->
				<image name="map_log_mapit">
<include src="darn\button_short.xml" />
					<id> 31 </id>
					<x> 860 </x>
					<y> -70 </y>
					<depth> 10 </depth>
					<user0> <copy src="strings()" trait="_map" /> </user0>

					<user20> &xbuttona; </user20>
				</image>

				<!-- BUTTON - BACK ================================================================-->
				<image name="map_log_back">
<include src="darn\button_short.xml" />
					<id> 32 </id>
					<x> 860 </x>
					<y> -70 </y>
					<depth> 10 </depth> <!-- DarN 10 -->
					<user0> <copy src="strings()" trait="_back" /> </user0>
					<user20> &xbuttonb; </user20>
				</image>

			</rect>
		</rect>	<!-- window -->

		<!--******************************************************************************-->
		<rect name="map_page_3">
			<visible> <copy src="me()" trait="_is_topmost"/> </visible>
			<width> 690 </width>
			<height> 688 </height>
			<x> 26 </x>
			<y> 20 </y>
			<depth> 2 </depth>
			<locus> &true; </locus>
			<_is_topmost>
				<copy src="parent()" trait="user0"/>
				<eq> 3 </eq>
			</_is_topmost>

			<image name="map_p3">
				<filename> <copy src="darnui_settings" trait="_sharedtab3"/> </filename>
				<width> 791 </width>
				<height> 176 </height>
				<x> -3 </x>
				<y> 522 </y>
				<depth> 2 </depth>
			</image>

			<image name="map_page_3_extensionh"> <!-- Height Extension -->
				<filename> <copy src="darnui_settings" trait="_sharedmainback1"/> </filename>
				<target> &true; </target>
				<width> 750 </width>
				<height> 635 </height>
				<x> -26 </x>
				<y> -530 </y> <!-- DarN -530 -->
				<cropy>-400</cropy>
				<depth> 4 </depth>
				<locus> &true; </locus>
			</image>

			<image name="map_page_3_extension2"> <!-- Height Extension -->
				<filename> <copy src="darnui_settings" trait="_pageextention"/> </filename>
				<target> &true; </target>
				<width> 567 </width>
				<height> 635 </height>
				<x> 585 </x>
				<y> -530 </y> <!-- DarN -530 -->
				<cropy>-400</cropy>
				<depth> 5 </depth>
				<locus> &true; </locus>
			</image>

			<image name="map_page_3_extension">
				<filename> <copy src="darnui_settings" trait="_pageextention"/> </filename>
				<target> &true; </target>
				<width> 567 </width>
				<height> 635 </height>
				<x> 585 </x>
				<y> 0 </y>
				<depth> 3 </depth> <!-- DarN 4 -->
				<locus> &true; </locus>
			</image>
		</rect>

		<!--******************************************************************************-->
		<rect name="map_page_2">
			<visible> <copy src="me()" trait="_is_topmost"/> </visible>
			<width> 690 </width>
			<height> 688 </height>
			<x> 26 </x>
			<y> 20 </y>
			<depth> 2 </depth>
			<locus> &true; </locus>
			<_is_topmost>
				<copy src="parent()" trait="user0"/>
				<eq> 2 </eq>
			</_is_topmost>

			<image name="map_p2">
				<filename> <copy src="darnui_settings" trait="_sharedtab2"/> </filename>
				<width> 791 </width>
				<height> 176 </height>
				<x> -3 </x>
				<y> 522 </y>
				<depth> 2 </depth>
			</image>

			<image name="map_page_2_extension">
				<filename> Textures\DarkUI\Menus\shared\shared_paper_no_tabsdui.dds </filename>
				<target> &true; </target>
				<width>
					<copy src="map_log_name" trait="width" />
					<add> 143 </add>
					<max>
						<copy src="map_log_date" trait="width" />
						<add> 40 </add>
					</max>
				</width>
				<height> 80 </height> <!-- DarN 613 -->
				<x> -25 </x> <!-- DarN 585/-90 -->
				<y> -120 </y> <!-- DarN 90/-140 -->
				<depth> 100 </depth>
				<visible>2</visible>
				<zoom>-1</zoom>
			</image>

			<!-- ############### WORLD MAP PAGE 3 (2nd ACTIVE TAB) ############### -->

			<rect name="map_world_layout">
				<locus> &true; </locus>
				<x>
					<sub src="parent()" trait="x"/> <!-- DarN CHECK -->
				</x>
				<y> -257 </y> <!-- DarN CHECK -->

				<rect name="map_default_world_focus">
					<id> 21 </id>
					<width> 3 </width>
					<height> 3 </height>
					<x> 10 </x>
					<y> 10 </y>
					<target> &true; </target>
					<xdefault> -1 </xdefault>
				</rect>

				<image name="map_world_map_frame_top">
					<filename> <copy src="darnui_settings" trait="_mapbordertop"/> </filename>
					<depth> 102 </depth>
					<height> 32 </height>
					<width>
						<!-- <copy src="screen()" trait="width"/> -->
						<copy src="map_world_map" trait="width"/>
						<min src="screen()" trait="width"/>
						<add> 10 </add>
						<sub>
							<copy src="map_world_map_frame_top2" trait="width" />
							<add src="sibling(map_world_map_frame_right)" trait="width" />
							<add src="me()" trait="x" />
						</sub>
					</width>
					<cropx> 0 </cropx>
					<x> 40 </x>
					<y> 106 </y>
				</image>

				<image name="map_world_map_frame_top2">
					<filename> <copy src="darnui_settings" trait="_mapbordertop"/> </filename>
					<depth> 101 </depth>
					<width>
						<copy> 1000 </copy>
						<min src="map_world_map" trait="width"/>
					</width>
					<height> 32 </height>
					<x>
						<copy src="screen()" trait="width"/>
						<min src="map_world_map" trait="width"/>
						<add> 10 </add>
						<sub src="sibling(map_world_map_frame_right)" trait="width" />
						<sub src="me()" trait="width" />
					</x>
					<y> 106 </y>
				</image>

				<image name="map_world_map_frame_bottom">
					<filename> <copy src="darnui_settings" trait="_mapborderbottom"/> </filename>
					<depth> 102 </depth>
					<width>
						<copy src="map_world_map" trait="width"/>
						<min src="screen()" trait="width"/>
						<add> 10 </add>
						<sub>
							<copy src="sibling(map_world_map_frame_bottom2)" trait="width" />
							<add src="sibling(map_world_map_frame_right)" trait="width" />
							<add src="me()" trait="x" />
						</sub>
					</width>
					<height> 32 </height>
					<x> <copy src="sibling(map_world_map_frame_top)" trait="x" /> </x>
					<y> 820 </y>
				</image>

				<image name="map_world_map_frame_bottom2">
					<filename> <copy src="darnui_settings" trait="_mapborderbottom"/> </filename>
					<depth> 103 </depth>
					<width>
						<copy> 1000 </copy>
						<min>
							<copy src="map_world_map" trait="width"/>
							<sub> 
								<copy src="sibling(map_world_map_frame_left)" trait="width" />
								<mul> 2 </mul>
							</sub>
						</min>
					</width>
					<height> 32 </height>
					<x>
						<copy src="screen()" trait="width"/>
						<min src="map_world_map" trait="width"/>
						<add> 10 </add>
						<sub src="sibling(map_world_map_frame_right)" trait="width" />
						<sub src="me()" trait="width" />
					</x>
					<y> 820 </y>
				</image>

				<image name="map_world_map_frame_left">
					<filename> <copy src="darnui_settings" trait="_mapborderleft"/> </filename>
					<depth> 101 </depth>
					<width> 49 </width>
					<height> 451 </height>
					<x> 0 </x> <!-- DarN 51 -->
					<y> 106 </y>
				</image>

				<image name="map_world_map_frame_left2">
					<filename> <copy src="darnui_settings" trait="_mapborderleft"/> </filename>
					<depth> 101 </depth>
					<width> 49 </width>
					<height> 482 </height>
					<cropy> 181 </cropy>
					<x> 0 </x> <!-- DarN 51 -->
					<y> 557 </y>
				</image>

				<image name="map_world_map_frame_right">
					<filename> <copy src="darnui_settings" trait="_mapborderright"/> </filename>
					<depth> 101 </depth>
					<width> 52 </width>
					<height> 451 </height>
					<x>
						<copy src="screen()" trait="width"/>
						<min src="map_world_map" trait="width"/>
						<add> 10 </add>
						<sub src="me()" trait="width" />
					</x>
					<y> 106 </y>
				</image>

				<image name="map_world_map_frame_right2">
					<filename> <copy src="darnui_settings" trait="_mapborderright"/> </filename>
					<depth> 101 </depth>
					<width> 52 </width>
					<height> 482 </height>
					<cropy> 181 </cropy>
					<x> <copy src="sibling(map_world_map_frame_right)" trait="x" /> </x>
					<y> 557 </y>
				</image>

				<text name="map_world_no_map">
					<visible> <not src="map_world_map" trait="visible"/> </visible>
					<string> <copy src="strings()" trait="_nomap"/> </string>
					<justify> &center; </justify>
					<x> 650 </x>
					<y> 400 </y>
					<depth> 8 </depth>
					<wrapwidth> 400 </wrapwidth>
					<red> 0 </red>
					<green> 0 </green>
					<blue> 0 </blue>
					<alpha> 255 </alpha>
				</text>

				<rect name="map_world_map_window">
					<id> 63 </id>
					<depth> 2 </depth>
					<alpha> 0 </alpha>
					<width> <copy src="MapMenu" trait="user4"/> </width>
					<height> <copy src="MapMenu" trait="user5"/> </height>
					<x> 0 </x> <!-- DarN 30 -->
					<y> 110 </y>
					<locus> &true; </locus>
					<clipwindow> &true; </clipwindow>
					<_half_width>
						<copy src="me()" trait="width"/>
						<div> 2 </div>
					</_half_width>
					<_half_height>
						<copy src="me()" trait="height"/>
						<div> 2 </div>
					</_half_height>

					<image name="map_world_map_cursor">
						<id> 61 </id>
						<visible> &xenon; </visible>
						<filename> <copy src="darnui_settings" trait="_cursor"/> </filename>
						<width> 42 </width>
						<height> 42 </height>
						<x>
							<copy src="me()" trait="user0"/>
							<max src="me()" trait="user2"/>
							<min src="me()" trait="user4"/>
						</x>
						<y>
							<copy src="me()" trait="user1"/>
							<max src="me()" trait="user3"/>
							<min src="me()" trait="user5"/>
						</y>
						<depth> 50 </depth>
						<user0> 545 </user0>	<!-- x position -->
						<user1> 230 </user1>	<!-- y position -->
						<user2> 0 </user2>	<!-- cursor min x range -->
						<user3> 0 </user3>	<!-- cursor min y range -->
						<user4>				<!-- cursor max x range -->
							<copy src="parent()" trait="width"/>
							<sub> 32 </sub> <!-- DarN 32 -->
						</user4>
						<user5>				<!-- cursor max y range -->
							<copy src="parent()" trait="height"/>
							<sub> 32 </sub>
						</user5>
					</image>

					<image name="map_world_map">
						<id> 41 </id>
						<visible> &true; </visible>
						<target> &true; </target>
						<filename> map\world\cyrodiil_resized.dds </filename> <!-- DarN game controlled -->
						<depth> 4 </depth> <!-- DarN 4 -->
						<width> 2055 </width> <!-- DarN game controlled - need value for initial handling -->
						<height> 0 </height> <!-- DarN game controlled -->
						<x>
							<copy> 0 </copy>
							<sub src="me()" trait="user12"/>
							<add src="parent()" trait="_half_width"/>
						</x>
						<y>
							<copy> 0 </copy>
							<sub src="me()" trait="user13"/>
							<add src="parent()" trait="_half_height"/>
						</y>
						<user10> 0 </user10> <!-- center x position -->
						<user11> 0 </user11> <!-- center y position -->
						<user12>
							<copy src="me()" trait="user10"/>
							<min>
								<copy src="me()" trait="width"/>
								<sub src="parent()" trait="_half_width"/>
							</min>
							<max src="parent()" trait="_half_width"/>
						</user12>
						<user13>
							<copy src="me()" trait="user11"/>
							<min>
								<copy src="me()" trait="height"/>
								<sub src="parent()" trait="_half_height"/>
								<sub>
									<copy> 160 </copy>
									<mul src="MapMenu" trait="_mapscale" />
									<onlyif>
										<copy src="me()" trait="width" />
										<gt> 2048 </gt>
									</onlyif>
								</sub>
							</min>
							<max src="parent()" trait="_half_height"/>
						</user13>

						<locus> &true; </locus>
						<clips> &true; </clips>
						<!-- DarN zoom is ignored by game after initial parse -->
						<zoom>
							<copy src="MapMenu" trait="_mapzoom" />
						</zoom>
						<user1> inactive </user1>	<!-- icon filename ending for non-travel markers -->
						<user2> 0 </user2>
						<_filename_1> <copy src="darnui_settings" trait="_mapiconsall"/> </_filename_1> <!-- all map markers -->
						<_filename_2> <copy src="darnui_settings" trait="_hudcompassgoal"/> </_filename_2> <!-- quest marker icon -->
						<_filename_3> <copy src="darnui_settings" trait="_hudcompassgoal"/> </_filename_3> <!-- marker icon -->
						<_filename_4> <copy src="darnui_settings" trait="_worldmaparrowicon"/> </_filename_4> <!-- you are here icon -->
						<_large_icon_width_adj> -4 </_large_icon_width_adj>
						<_large_icon_height_adj> 10 </_large_icon_height_adj>

						<!-- icon templates are attached here -->

					</image>

					
					

				</rect> <!-- DarN map_world_map_window -->
			</rect> <!-- DarN map_world_layout -->
		</rect> <!-- DarN map_page_2 -->



		<!--********************************************************************************8-->
		<rect name="map_page_1">
			<visible> <copy src="me()" trait="_is_topmost"/> </visible>
			<width> 690 </width>
			<height> 688 </height>
			<x> 26 </x>
			<y> 20 </y>
			<depth> 2 </depth>
			<locus> &true; </locus>
			<_is_topmost>
				<copy src="parent()" trait="user0"/>
				<eq> 1 </eq>
			</_is_topmost>

			<image name="map_p1">
				<filename> <copy src="darnui_settings" trait="_sharedtab1"/> </filename>
				<width> 791 </width>
				<height> 176 </height>
				<x> -3 </x>
				<y> 522 </y>
				<depth> 2 </depth>
			</image>

			<image name="map_page_1_extension"> <!-- DarN location/date background -->
				<filename> Textures\DarkUI\Menus\shared\shared_paper_no_tabsdui.dds </filename>
				<target> &true; </target>
				<width>
					<copy src="map_log_name" trait="width" />
					<add> 143 </add>
					<max>
						<copy src="map_log_date" trait="width" />
						<add> 40 </add>
					</max>
				</width>
				<height> 80 </height> <!-- DarN 613 -->
				<x> -25 </x> <!-- DarN 585/-90 -->
				<y> -120 </y> <!-- DarN 90/-140 -->
				<depth> 100 </depth>
				<zoom> -1 </zoom>
			</image>


			<!-- ############### WORLD MAP PAGE 1 (1st ACTIVE TAB) ############### -->

			<rect name="map_local_layout">
				<visible> <copy src="map_page_1" trait="_is_topmost"/> </visible>
				<locus> &true; </locus>
				<x> <sub src="parent()" trait="x"/> </x>
				<y> -257 </y>

				<rect name="map_default_local_focus">
					<id> 22 </id>
					<width> 3 </width>
					<height> 3 </height>
					<x> 10 </x>
					<y> 10 </y>
					<target> &true; </target>
					<xdefault> -1 </xdefault>
				</rect>

				<image name="map_local_map_frame_top">
					<filename> <copy src="darnui_settings" trait="_mapbordertop"/> </filename>
					<depth> 102 </depth>
					<height> 32 </height>
					<width>
						<copy src="screen()" trait="width"/>
						<add> 10 </add>
						<sub>
							<copy src="sibling(map_local_map_frame_top2)" trait="width" />
							<add src="sibling(map_local_map_frame_right)" trait="width" />
							<add src="me()" trait="x" />
						</sub>
					</width>
					<cropx> 0 </cropx>
					<x> 40 </x>
					<y> 106 </y>
				</image>

				<image name="map_local_map_frame_top2">
					<filename> <copy src="darnui_settings" trait="_mapbordertop"/> </filename>
					<depth> 101 </depth>
					<width> 1000 </width>
					<height> 32 </height>
					<x>
						<copy src="screen()" trait="width"/>
						<add> 10 </add>
						<sub src="sibling(map_local_map_frame_right)" trait="width" />
						<sub src="me()" trait="width" />
					</x>
					<y> 106 </y>
				</image>

				<image name="map_local_map_frame_bottom">
					<filename> <copy src="darnui_settings" trait="_mapborderbottom"/> </filename>
					<depth> 102 </depth>
					<width> 1050 </width>
					<height> 32 </height>
					<x> <copy src="sibling(map_local_map_frame_top)" trait="x" /> </x>
					<y> 820 </y>
				</image>

				<image name="map_local_map_frame_bottom2">
					<filename> <copy src="darnui_settings" trait="_mapborderbottom"/> </filename>
					<depth> 103 </depth>
					<width> 1000 </width>
					<height> 32 </height>
					<x>
						<copy src="screen()" trait="width"/>
						<add> 10 </add>
						<sub src="sibling(map_local_map_frame_right)" trait="width" />
						<sub src="me()" trait="width" />
					</x>
					<y> 820 </y>
				</image>

				<image name="map_local_map_frame_left">
					<filename> <copy src="darnui_settings" trait="_mapborderleft"/> </filename>
					<depth> 101 </depth>
					<width> 49 </width>
					<height> 451 </height>
					<x> 0 </x> <!-- DarN 51 -->
					<y> 106 </y>
				</image>

				<image name="map_local_map_frame_left2">
					<filename> <copy src="darnui_settings" trait="_mapborderleft"/> </filename>
					<depth> 101 </depth>
					<width> 49 </width>
					<height> 482 </height>
					<cropy> 181 </cropy>
					<x> 0 </x> <!-- DarN 51 -->
					<y> 557 </y>
				</image>

				<image name="map_local_map_frame_right">
					<filename> <copy src="darnui_settings" trait="_mapborderright"/> </filename>
					<depth> 101 </depth>
					<width> 52 </width>
					<height> 451 </height>
					<x>
						<copy src="screen()" trait="width"/>
						<add> 10 </add>
						<sub src="me()" trait="width" />
					</x>
					<y> 106 </y>
				</image>

				<image name="map_local_map_frame_right2">
					<filename> <copy src="darnui_settings" trait="_mapborderright"/> </filename>
					<depth> 101 </depth>
					<width> 52 </width>
					<height> 482 </height>
					<cropy> 181 </cropy>
					<x>
						<copy src="screen()" trait="width"/>
						<add> 10 </add>
						<sub src="me()" trait="width" />
					</x>
					<y> 557 </y>
				</image>

				<text name="map_local_no_map">
					<visible> <copy src="map_local_map" trait="visible"/> <eq> &false; </eq> </visible>
					<justify> &center; </justify>
					<x> 650 </x>
					<y> 400 </y>
					<depth> 8 </depth>
					<wrapwidth> 400 </wrapwidth>
					<red> 0 </red>
					<green> 0 </green>
					<blue> 0 </blue>
					<alpha> 255 </alpha>
				</text>
				<rect name="map_local_map_grab">
					<id> 45 </id>
					<target> &true; </target>
					<visible> &true; </visible>
					<alpha> 0 </alpha>
					<width> <copy src="MapMenu" trait="user4"/> </width>
					<height> <copy src="MapMenu" trait="user5"/> </height>
					<x> 20 </x>
					<y> 100 </y>
					<depth> 6 </depth>
				</rect>

				<rect name="map_local_map_window">
					<depth> 2 </depth>
					<alpha> 0 </alpha>
					<width> <copy src="MapMenu" trait="user4"/> </width>
					<height> <copy src="MapMenu" trait="user5"/> </height>
					<x> 0 </x> <!-- DarN 30 CHECK -->
					<y> 110 </y>
					<locus> &true; </locus>
					<clipwindow> &true; </clipwindow>
					<_half_width>
						<copy src="me()" trait="width"/>
						<div> 2 </div>
					</_half_width>
					<_half_height>
						<copy src="me()" trait="height"/>
						<div> 2 </div>
					</_half_height>

					<image name="map_local_map_cursor">
						<id> 62 </id>
						<visible> &xenon; </visible>
						<filename> <copy src="darnui_settings" trait="_cursor"/> </filename>
						<width> 42 </width>
						<height> 42 </height>
						<x>
							<copy src="me()" trait="user0"/>
							<max src="me()" trait="user2"/>
							<min src="me()" trait="user4"/>
						</x>
						<y>
							<copy src="me()" trait="user1"/>
							<max src="me()" trait="user3"/>
							<min src="me()" trait="user5"/>
						</y>
						<depth> 40 </depth>
						<user0> 0 </user0>	<!-- x position -->
						<user1> 0 </user1>	<!-- y position -->
						<user2> 0 </user2>	<!-- cursor min x range -->
						<user3> 0 </user3>	<!-- cursor min y range -->
						<user4>				<!-- cursor max x range -->
							<copy src="parent()" trait="width"/>
							<sub> 32 </sub>
						</user4>
						<user5>				<!-- cursor max y range -->
							<copy src="parent()" trait="height"/>
							<sub> 32 </sub>
						</user5>
					</image>

					<rect name="map_local_map_layout">
						<id> 46 </id>
						<width> <copy src="child(map_local_map)" trait="user0"/> </width>
						<height> <copy src="child(map_local_map)" trait="user1"/> </height>
						<x>
							<copy src="me()" trait="user12"/>
							<sub src="me()" trait="width"/>
							<add src="parent()" trait="_half_width"/>
							<!-- <sub> 14 </sub>  --><!-- DarN CHECK -->
						</x>
						<y>
							<copy src="me()" trait="user13"/>
							<sub src="me()" trait="height"/>
							<add src="parent()" trait="_half_height"/>
							<sub> 17 </sub> <!-- DarN 21 -->
						</y>
						<user10> 0 </user10>	<!-- center x position -->
						<user11> 0 </user11>	<!-- center y position -->
						<user12>
							<copy src="me()" trait="user10"/>
							<min>
								<copy src="me()" trait="width"/>
								<sub src="parent()" trait="_half_width"/>
							</min>
							<max src="parent()" trait="_half_width"/>
						</user12>
						<user13>
							<copy src="me()" trait="user11"/>
							<min>
								<copy src="me()" trait="height"/>
								<sub src="parent()" trait="_half_height"/>
							</min>
							<max src="parent()" trait="_half_height"/>
						</user13>
						<locus> &true; </locus>

						<rect name="map_local_map">
							<id> 47 </id>
							<depth> 4 </depth>
							<locus> &true; </locus>
							<alpha> 0 </alpha>
							<clips> &true; </clips>
							<disablefade> &true; </disablefade>
							<user0> 0 </user0>	<!-- width, set by code -->
							<user1> 0 </user1>	<!-- height, set by code -->
						</rect>

						<rect name="map_local_icons">
							<id> 48 </id>
							<depth> 6 </depth>
							<alpha> 0 </alpha>
							<width> 680 </width>
							<height> 550 </height>
							<locus> &true; </locus>
							<_filename_1> <copy src="darnui_settings" trait="_mapiconsall"/> </_filename_1>			<!-- all map markers -->
							<_filename_2> <copy src="darnui_settings" trait="_hudcompassgoal"/> </_filename_2>			<!-- quest marker icon -->
							<_filename_3> <copy src="darnui_settings" trait="_hudcompassgoal"/> </_filename_3>			<!-- marker icon -->
							<_filename_4> <copy src="darnui_settings" trait="_worldmaparrowicon"/> </_filename_4>		<!-- you are here icon -->
							<_large_icon_width_adj> -4 </_large_icon_width_adj>
							<_large_icon_height_adj> 10 </_large_icon_height_adj>
						</rect>
					</rect>
				</rect>
			</rect>
		</rect>


		<!-- MISC IMAGES ===================================================================================-->
		<rect name="map_top_title_layout">
			<locus> &true; </locus>
			<visible>
				<copy src="map_log_back" trait="visible"/>
				<eq> &false; </eq>
				<or>
					<copy src="parent()" trait="user0"/>
					<neq> 4 </neq>
					<and>
						<copy src="parent()" trait="user0"/>
						<neq> 5 </neq>
					</and>
				</or>
			</visible>
			<image name="map_log_border_left">
				<filename> <copy src="darnui_settings" trait="_shareddecorblueleft"/> </filename>
				<depth> 110 </depth>
				<width> 35 </width>
				<height> 17 </height>
				<x>
					<copy src="sibling(map_log_name)" trait="x" />
					<sub>
						<copy src="sibling(map_log_name)" trait="width" />
						<div> 2 </div>
					</sub>
					<sub> 50 </sub> <!-- DarN 55 -->
				</x>
				<y>
					<copy src="sibling(map_log_name)" trait="y"/>
					<add> 5 </add> <!-- DarN -->
				</y>
			</image>
			<image name="map_log_border_right">
				<filename> <copy src="darnui_settings" trait="_shareddecorblueright"/> </filename>
				<depth> 130 </depth>
				<width> 35 </width>
				<height> 17 </height>
				<x>
					<copy src="sibling(map_log_name)" trait="width" />
					<div> 2 </div>
					<add src="sibling(map_log_name)" trait="x" />
					<add> 15 </add> <!-- DarN 20 -->
				</x>
				<y>
					<copy src="sibling(map_log_name)" trait="y"/>
					<add> 5 </add> <!-- DarN -->
				</y>
			</image>

			<text name="map_log_date">
				<depth> 140 </depth>
				<string> <copy src="MapMenu" trait="user2" /> </string>
				<justify> &center; </justify>
				<red> 217 </red>
				<green> 185 </green>
				<blue> 102 </blue>
				<alpha> 255 </alpha>
				<font> 2 </font>
				<wrapwidth> 690 </wrapwidth>
				<x> <copy src="sibling(map_log_name)" trait="x"/> </x>
				<y> 
					<copy src="sibling(map_log_name)" trait="y"/>
					<add> 30 </add>
				</y>
			</text>

			<text name="map_log_name">
				<depth> 120 </depth>
				<_date_big>
					<copy src="sibling(map_log_date)" trait="width" />
					<add> 40 </add>
					<gt>
						<copy src="me()" trait="width" />
						<add> 143 </add>
					</gt>
				</_date_big>
				<string> <copy src="MapMenu" trait="user1" /> </string>
				<justify> &center; </justify>
				<font> 3 </font>
				<red> 237 </red>
				<green> 228 </green>
				<blue> 160 </blue>
				<alpha> 255 </alpha>
				<x>
					<copy> 230 </copy>
					<onlyif>
						<copy src="me()" trait="width"/>
						<gt> 700 </gt>
					</onlyif>
					<add> -302 </add> <!-- DarN 370/570 -->
					<add> <!-- DarN dynamic justify and string len code -->
						<copy src="me()" trait="width" />
						<onlyifnot src="me()" trait="_date_big" />
						<add>
							<copy src="sibling(map_log_date)" trait="width" />
							<div> 2 </div>
							<onlyif src="me()" trait="_date_big" />
						</add>
						<div> 2 </div>
					</add>
					<onlyifnot src="map_contents_3_4_5" trait="visible"/>
					<add> 370 </add>
				</x>
				<y>
					<copy> -30 </copy> <!-- Map Page Location [DarN 683/693] -->
					<onlyifnot src="map_contents_3_4_5" trait="visible"/>
					<add> -55 </add> <!-- Quest Logs Location -->
				</y>
			</text>
		</rect>
		<text name="map_item_name">
			<visible>
				<copy src="map_log_back" trait="visible"/>
				<and>
					<copy src="parent()" trait="user0"/>
					<eq> 4 </eq>
					<or>
						<copy src="parent()" trait="user0"/>
						<eq> 5 </eq>
					</or>
				</and>
			</visible>
			<depth> 140 </depth>
			<justify> &center; </justify>
			<red> 237 </red>
			<green> 228 </green>
			<blue> 160 </blue>
			<font> 3 </font>
			<alpha> 255 </alpha>
			<wrapwidth> 1000 </wrapwidth>
			<string> <copy src="MapMenu" trait="user3" /> </string>
			<x> 370 </x>
			<y> -55 </y>
		</text>
	</image>	<!-- map_background -->



<!--
		****************************************************************************************
		* BEIDER COMMENT
		*
		* The templates has been moved to a separate file for easy editing.
		* Oblivion\Data\menus\prefabs\ui_config\map_template.xml
		*
		* QUICKFIND : TEMPLATE01
		*
		****************************************************************************************
	-->
		<include src="darn\map_template.xml"/>

	<!-- preload quest icons -->
	<rect name="preload">
		<y> -1000 </y>
		<x> 10 </x>
		<image name="pre01"><filename> <copy src="darnui_settings" trait="_pre01"/> </filename></image>
		<image name="pre02"><filename> <copy src="darnui_settings" trait="_pre02"/> </filename></image>
		<image name="pre03"><filename> <copy src="darnui_settings" trait="_pre03"/> </filename></image>
		<image name="pre04"><filename> <copy src="darnui_settings" trait="_pre04"/> </filename></image>
		<image name="pre05"><filename> <copy src="darnui_settings" trait="_pre05"/> </filename></image>
		<image name="pre06"><filename> <copy src="darnui_settings" trait="_pre06"/> </filename></image>
		<image name="pre07"><filename> <copy src="darnui_settings" trait="_pre07"/> </filename></image>
		<image name="pre08"><filename> <copy src="darnui_settings" trait="_pre08"/> </filename></image>
		<image name="pre09"><filename> <copy src="darnui_settings" trait="_pre09"/> </filename></image>
		<image name="pre10"><filename> <copy src="darnui_settings" trait="_pre10"/> </filename></image>
		<image name="pre11"><filename> <copy src="darnui_settings" trait="_pre11"/> </filename></image>
		<image name="pre12"><filename> <copy src="darnui_settings" trait="_pre12"/> </filename></image>
		<image name="pre13"><filename> <copy src="darnui_settings" trait="_pre13"/> </filename></image>
		<image name="pre14"><filename> <copy src="darnui_settings" trait="_pre14"/> </filename></image>
		<image name="pre15"><filename> <copy src="darnui_settings" trait="_pre15"/> </filename></image>
		<image name="pre16"><filename> <copy src="darnui_settings" trait="_pre16"/> </filename></image>
		<image name="pre17"><filename> <copy src="darnui_settings" trait="_pre17"/> </filename></image>
		<image name="pre18"><filename> <copy src="darnui_settings" trait="_pre18"/> </filename></image>
		<image name="pre19"><filename> <copy src="darnui_settings" trait="_pre19"/> </filename></image>
		<image name="pre20"><filename> <copy src="darnui_settings" trait="_pre20"/> </filename></image>
		<image name="pre21"><filename> <copy src="darnui_settings" trait="_pre21"/> </filename></image>
	</rect>
</menu>
