<!-- audio_menu.xml -->
<!-- DarN Version 1.1 -->
<menu name="AudioMenu">
	<class> &AudioMenu; </class>
	<stackingtype> &no_click_past; </stackingtype>
	<alpha>	0 </alpha>
	<locus> &true; </locus>
	<explorefade> 0.25 </explorefade>
	
	<_y_buffer> 28 </_y_buffer>		<!-- DarN 40 Num pixels vertically between each menu item -->
	
	<_long_label_width>
		<copy src="audio_master_label" trait="width"/>
		<max src="audio_voice_label" trait="width"/>
		<max src="audio_effect_label" trait="width"/>
		<max src="audio_foot_label" trait="width"/>
		<max src="audio_music_label" trait="width"/>
		<add>
			<copy src="darn_fontsize_dummy" trait="width"/>
			<add> 10 </add>
			<onlyif>
				<copy src="audio_master_slider" trait="user8" />
				<and>
					<copy src="audio_master_slider" trait="_textside" />
					<eq> &left; </eq>
				</and>
			</onlyif>
		</add>
	</_long_label_width>
	
	<text name="darn_fontsize_dummy">
		<visible> &false; </visible>
		<font> 2 </font>
		<string>100%</string>
	</text>

	<_label_to_scrollbar_buffer> 64 </_label_to_scrollbar_buffer>
	
	<!-- Text colors -->
<include src="darn\system_config.xml"/>
	<red> <copy src="darnui_settings" trait="_lred" /> </red> <!-- DarN 117 -->
	<green>	<copy src="darnui_settings" trait="_lgreen" /> </green> <!-- DarN 59 -->
	<blue>	<copy src="darnui_settings" trait="_lblue" /> </blue> <!-- DarN 33 -->
	<_labelalpha> <copy src="darnui_settings" trait="_lalpha" /> </_labelalpha>
	<_darnside><copy src="darnui_settings" trait="_aqtypos" /></_darnside>
	
	<xbuttonb> <ref src="audio_return_button" trait="clicked"/> </xbuttonb>
	<xbuttony> <ref src="audio_defaults_button" trait="clicked"/> </xbuttony>
	
	<!-- BACKGROUND ========================================================================-->
	<rect name="audio_background">
		<include src="darn\generic_background75.xml"/>
		<x>
			<copy src="screen()" trait="width"/>
			<sub src="me()" trait="width"/>
			<div> 2 </div>
		</x>
		<y>
			<copy src="screen()" trait="height"/>
			<sub src="me()" trait="height"/>
			<div> 2 </div>
		</y>
		<user0> <!-- DarN width 900 -->
			<copy src="audio_master_slider_marker" trait="x" />
			<add src="audio_master_slider_marker" trait="width" />
			<add> 20 </add>
			<add>
				<copy src="darn_fontsize_dummy" trait="width"/>
				<add> 10 </add>
				<onlyif>
					<copy src="audio_master_slider" trait="user8" />
					<and>
						<copy src="darnui_settings" trait="_aqtypos" />
						<eq> &right; </eq>
					</and>
				</onlyif>
			</add>
		</user0>
		<user1> 375 </user1> <!-- DarN height 500 -->
	
	
		<!-- MASTER VOLUME =============================================================================-->
		<text name="audio_master_label">
			<font> <copy src="darnui_settings" trait="_lfont" /> </font> <!-- DarN add -->
			<string> <copy src="strings()" trait="_mastervolume"/> </string>
			<depth> 3 </depth>
			<alpha> <copy src="AudioMenu" trait="_labelalpha" /> </alpha>
			<red>
				<copy src="AudioMenu" trait="red"/>
			</red>
			<green>
				<copy src="AudioMenu" trait="green"/>
			</green>
			<blue>
				<copy src="AudioMenu" trait="blue"/>
			</blue>
			<x> 30 </x>
			<y> 40 </y> <!-- DarN 50 -->
		</text>
		
		<image name="audio_master_slider_marker">
			<zoom> 75 </zoom> <!-- DarN add -->
			<id> &generic; </id>
			<target> &true; </target>
			<repeathorizontal> &true; </repeathorizontal>
			<depth> 1 </depth>
			<filename> Menus\dialog\dialog_selection_full.dds </filename>
			<alpha>
				<copy> 255 </copy>
				<mul>
					<copy src="me()" trait="mouseover" />
					<add src="audio_master_slider" trait="_mouseover_any" />
					<min> 1 </min>
				</mul>
			</alpha>
			<width>
				<copy src="audio_master_slider" trait="width"/>
				<add> 90 </add>
			</width>
			<height> 48 </height>
			<x>
				<copy src="AudioMenu" trait="_long_label_width"/>
				<add> 60 </add>
			</x>
			<y>
				<copy src="audio_master_label" trait="y"/>
				<add> -10 </add>
			</y>
			<depth> 3 </depth>
			<locus> &true; </locus>
			
			<xdefault> &true; </xdefault>
			<xleft> <ref src="child(horizontal_scroll_left)" trait="clicked"/> </xleft>
			<xright> <ref src="child(horizontal_scroll_right)" trait="clicked"/> </xright>
			<xup> <ref src="audio_return_button" trait="mouseover"/> </xup>
			<xdown> <ref src="audio_voice_slider_marker" trait="mouseover"/> </xdown>
			<xbuttonlb> <ref src="child(horizontal_scroll_leftside)" trait="clicked"/> </xbuttonlb>
			<xbuttonrb> <ref src="child(horizontal_scroll_rightside)" trait="clicked"/> </xbuttonrb>
			
			<image name="audio_master_slider_marker_2">
				<zoom> 75 </zoom> <!-- DarN add -->
				<depth> 2 </depth>
				<filename> dialog\dialog_selection_cut.dds </filename>
				<alpha> <copy src="parent()" trait="alpha"/> </alpha>
				<width> 78 </width>
				<height> 48 </height>
				<x>
					<copy src="parent()" trait="width" />
					<sub> 72 </sub>
				</x>
				<y> 0 </y>
			</image>
	
			<image name="audio_master_slider">
<include src="darn\horiz_floating_scroll.xml"/>
				<_showperc> &true; </_showperc> <!-- DarN add (set to true if value is a percentage) -->
				<_textside> <copy src="AudioMenu" trait="_darnside" /> </_textside>
				<depth> 3 </depth>
				<id> 1 </id>
				<x> 45 </x>
				<y> 17 </y>
				
				<user6> 2 </user6>			<!-- scroll marker id -->
				<user8> &true; </user8>	<!-- DarN false text visibility -->
			</image>
		</image>


		<!-- VOICE VOLUME ===========================================================================-->
		<text name="audio_voice_label">
			<font> <copy src="darnui_settings" trait="_lfont" /> </font> <!-- DarN add -->
			<string> <copy src="strings()" trait="_voicevolume"/> </string>
			<depth> 3 </depth>
			<alpha> <copy src="AudioMenu" trait="_labelalpha" /> </alpha>
			<red>
				<copy src="AudioMenu" trait="red"/>
			</red>
			<green>
				<copy src="AudioMenu" trait="green"/>
			</green>
			<blue>
				<copy src="AudioMenu" trait="blue"/>
			</blue>
			<x>
				<copy src="audio_master_label" trait="x"/>
			</x>
			<y>
				<copy src="audio_master_label" trait="y"/>
				<add>
					<copy src="audio_master_label" trait="height"/>
					<add src="AudioMenu" trait="_y_buffer"/>
				</add>
			</y>
		</text>
		
		<image name="audio_voice_slider_marker">
			<zoom> 75 </zoom> <!-- DarN add -->
			<id> &generic; </id>
			<target> &true; </target>
			<repeathorizontal> &true; </repeathorizontal>
			<depth> 1 </depth>
			<filename> Menus\dialog\dialog_selection_full.dds </filename>
			<alpha>
				<copy> 255 </copy>
				<mul>
					<copy src="me()" trait="mouseover" />
					<add src="audio_voice_slider" trait="_mouseover_any" />
					<min> 1 </min>
				</mul>
			</alpha>
			<width>
				<copy src="audio_voice_slider" trait="width"/>
				<add> 90 </add>
			</width>
			<height> 48 </height>
			<x> <copy src="audio_master_slider_marker" trait="x"/> </x>
			<y>
				<copy src="audio_voice_label" trait="y"/>
				<add> -10 </add>
			</y>
			<depth> 3 </depth>
			<locus> &true; </locus>
			
			<xdefault> &false; </xdefault>
			<xleft> <ref src="child(horizontal_scroll_left)" trait="clicked"/> </xleft>
			<xright> <ref src="child(horizontal_scroll_right)" trait="clicked"/> </xright>
			<xup> <ref src="audio_master_slider_marker" trait="mouseover"/> </xup>
			<xdown> <ref src="audio_effect_slider_marker" trait="mouseover"/> </xdown>
			<xbuttonlb> <ref src="child(horizontal_scroll_leftside)" trait="clicked"/> </xbuttonlb>
			<xbuttonrb> <ref src="child(horizontal_scroll_rightside)" trait="clicked"/> </xbuttonrb>
			
			<image name="audio_voice_slider_marker_2">
				<zoom> 75 </zoom> <!-- DarN add -->
				<depth> 2 </depth>
				<filename> dialog\dialog_selection_cut.dds </filename>
				<alpha> <copy src="parent()" trait="alpha"/> </alpha>
				<width> 78 </width>
				<height> 48 </height>
				<x>
					<copy src="parent()" trait="width" />
					<sub> 72 </sub>
				</x>
				<y> 0 </y>
			</image>
	
			<image name="audio_voice_slider">
<include src="darn\horiz_floating_scroll.xml"/>
				<_showperc> &true; </_showperc> <!-- DarN add (set to true if value is a percentage) -->
				<_textside> <copy src="AudioMenu" trait="_darnside" /> </_textside>
				<depth> 3 </depth>
				<id> 3 </id>
				<x> 45 </x>
				<y> 17 </y>
				
				<user6> 4 </user6>			<!-- scroll marker id -->
				<user8> &true; </user8>	<!-- DarN false text visibility -->
			</image>
		</image>


		<!-- EFFECT VOLUME ===========================================================================-->
		<text name="audio_effect_label">
			<font> <copy src="darnui_settings" trait="_lfont" /> </font> <!-- DarN add -->
			<string> <copy src="strings()" trait="_effectvolume"/> </string>
			<depth> 3 </depth>
			<alpha> <copy src="AudioMenu" trait="_labelalpha" /> </alpha>
			<red>
				<copy src="AudioMenu" trait="red"/>
			</red>
			<green>
				<copy src="AudioMenu" trait="green"/>
			</green>
			<blue>
				<copy src="AudioMenu" trait="blue"/>
			</blue>
			<x>
				<copy src="audio_master_label" trait="x"/>
			</x>
			<y>
				<copy src="audio_master_label" trait="y"/>
				<add>
					<copy src="audio_master_label" trait="height"/>
					<add src="AudioMenu" trait="_y_buffer"/>
					<mult>2</mult>
				</add>
			</y>
		</text>
		
		<image name="audio_effect_slider_marker">
			<zoom> 75 </zoom> <!-- DarN add -->
			<id> &generic; </id>
			<target> &true; </target>
			<repeathorizontal> &true; </repeathorizontal>
			<depth> 1 </depth>
			<filename> Menus\dialog\dialog_selection_full.dds </filename>
			<alpha>
				<copy> 255 </copy>
				<mul>
					<copy src="me()" trait="mouseover" />
					<add src="audio_effect_slider" trait="_mouseover_any" />
					<min> 1 </min>
				</mul>
			</alpha>
			<width>
				<copy src="audio_effect_slider" trait="width"/>
				<add> 90 </add>
			</width>
			<height> 48 </height>
			<x> <copy src="audio_master_slider_marker" trait="x"/> </x>
			<y>
				<copy src="audio_effect_label" trait="y"/>
				<add> -10 </add>
			</y>
			<depth> 3 </depth>
			<locus> &true; </locus>
			
			<xdefault> &false; </xdefault>
			<xleft> <ref src="child(horizontal_scroll_left)" trait="clicked"/> </xleft>
			<xright> <ref src="child(horizontal_scroll_right)" trait="clicked"/> </xright>
			<xup> <ref src="audio_voice_slider_marker" trait="mouseover"/> </xup>
			<xdown> <ref src="audio_foot_slider_marker" trait="mouseover"/> </xdown>
			<xbuttonlb> <ref src="child(horizontal_scroll_leftside)" trait="clicked"/> </xbuttonlb>
			<xbuttonrb> <ref src="child(horizontal_scroll_rightside)" trait="clicked"/> </xbuttonrb>
			
			<image name="audio_effect_slider_marker_2">
				<zoom> 75 </zoom> <!-- DarN add -->
				<depth> 2 </depth>
				<filename> dialog\dialog_selection_cut.dds </filename>
				<alpha> <copy src="parent()" trait="alpha"/> </alpha>
				<width> 78 </width>
				<height> 48 </height>
				<x>
					<copy src="parent()" trait="width" />
					<sub> 72 </sub>
				</x>
				<y> 0 </y>
			</image>
	
			<image name="audio_effect_slider">
<include src="darn\horiz_floating_scroll.xml"/>
				<_showperc> &true; </_showperc> <!-- DarN add (set to true if value is a percentage) -->
				<_textside> <copy src="AudioMenu" trait="_darnside" /> </_textside>
				<depth> 3 </depth>
				<id> 5 </id>
				<x> 45 </x>
				<y> 17 </y>
				
				<user6> 6 </user6>			<!-- scroll marker id -->
				<user8> &true; </user8>	<!-- DarN false text visibility -->
			</image>
		</image>


		<!-- FOOTSTEP VOLUME ===========================================================================-->
		<text name="audio_foot_label">
			<font> <copy src="darnui_settings" trait="_lfont" /> </font> <!-- DarN add -->
			<string> <copy src="strings()" trait="_footstepvolume"/> </string>
			<depth> 3 </depth>
			<alpha> <copy src="AudioMenu" trait="_labelalpha" /> </alpha>
			<red>
				<copy src="AudioMenu" trait="red"/>
			</red>
			<green>
				<copy src="AudioMenu" trait="green"/>
			</green>
			<blue>
				<copy src="AudioMenu" trait="blue"/>
			</blue>
			<x>
				<copy src="audio_master_label" trait="x"/>
			</x>
			<y>
				<copy src="audio_master_label" trait="y"/>
				<add>
					<copy src="audio_master_label" trait="height"/>
					<add src="AudioMenu" trait="_y_buffer"/>
					<mult>3</mult>
				</add>
			</y>
		</text>
		
		<image name="audio_foot_slider_marker">
			<zoom> 75 </zoom> <!-- DarN add -->
			<id> &generic; </id>
			<target> &true; </target>
			<repeathorizontal> &true; </repeathorizontal>
			<depth> 1 </depth>
			<filename> Menus\dialog\dialog_selection_full.dds </filename>
			<alpha>
				<copy> 255 </copy>
				<mul>
					<copy src="me()" trait="mouseover" />
					<add src="audio_foot_slider" trait="_mouseover_any" />
					<min> 1 </min>
				</mul>
			</alpha>
			<width>
				<copy src="audio_foot_slider" trait="width"/>
				<add> 90 </add>
			</width>
			<height> 48 </height>
			<x> <copy src="audio_master_slider_marker" trait="x"/> </x>
			<y>
				<copy src="audio_foot_label" trait="y"/>
				<add> -10 </add>
			</y>
			<depth> 3 </depth>
			<locus> &true; </locus>
			
			<xdefault> &false; </xdefault>
			<xleft> <ref src="child(horizontal_scroll_left)" trait="clicked"/> </xleft>
			<xright> <ref src="child(horizontal_scroll_right)" trait="clicked"/> </xright>
			<xup> <ref src="audio_effect_slider_marker" trait="mouseover"/> </xup>
			<xdown> <ref src="audio_music_slider_marker" trait="mouseover"/> </xdown>
			<xbuttonlb> <ref src="child(horizontal_scroll_leftside)" trait="clicked"/> </xbuttonlb>
			<xbuttonrb> <ref src="child(horizontal_scroll_rightside)" trait="clicked"/> </xbuttonrb>
			
			<image name="audio_foot_slider_marker_2">
				<zoom> 75 </zoom> <!-- DarN add -->
				<depth> 2 </depth>
				<filename> dialog\dialog_selection_cut.dds </filename>
				<alpha> <copy src="parent()" trait="alpha"/> </alpha>
				<width> 78 </width>
				<height> 48 </height>
				<x>
					<copy src="parent()" trait="width" />
					<sub> 72 </sub>
				</x>
				<y> 0 </y>
			</image>
	
			<image name="audio_foot_slider">
<include src="darn\horiz_floating_scroll.xml"/>
				<_showperc> &true; </_showperc> <!-- DarN add (set to true if value is a percentage) -->
				<_textside> <copy src="AudioMenu" trait="_darnside" /> </_textside>
				<depth> 3 </depth>
				<id> 7 </id>
				<x> 45 </x>
				<y> 17 </y>
				
				<user6> 8 </user6>			<!-- scroll marker id -->
				<user8> &true; </user8>	<!-- DarN false text visibility -->
			</image>
		</image>


		<!-- MUSIC VOLUME ===========================================================================-->
		<text name="audio_music_label">
			<font> <copy src="darnui_settings" trait="_lfont" /> </font> <!-- DarN add -->
			<string> <copy src="strings()" trait="_musicvolume"/> </string>
			<depth> 3 </depth>
			<alpha> <copy src="AudioMenu" trait="_labelalpha" /> </alpha>
			<red>
				<copy src="AudioMenu" trait="red"/>
			</red>
			<green>
				<copy src="AudioMenu" trait="green"/>
			</green>
			<blue>
				<copy src="AudioMenu" trait="blue"/>
			</blue>
			<x>
				<copy src="audio_master_label" trait="x"/>
			</x>
			<y>
				<copy src="audio_master_label" trait="y"/>
				<add>
					<copy src="audio_master_label" trait="height"/>
					<add src="AudioMenu" trait="_y_buffer"/>
					<mult>4</mult>
				</add>
			</y>
		</text>
		
		<image name="audio_music_slider_marker">
			<zoom> 75 </zoom> <!-- DarN add -->
			<id> &generic; </id>
			<target> &true; </target>
			<repeathorizontal> &true; </repeathorizontal>
			<depth> 1 </depth>
			<filename> Menus\dialog\dialog_selection_full.dds </filename>
			<alpha>
				<copy> 255 </copy>
				<mul>
					<copy src="me()" trait="mouseover" />
					<add src="audio_music_slider" trait="_mouseover_any" />
					<min> 1 </min>
				</mul>
			</alpha>
			<width>
				<copy src="audio_music_slider" trait="width"/>
				<add> 90 </add>
			</width>
			<height> 48 </height>
			<x> <copy src="audio_master_slider_marker" trait="x"/> </x>
			<y>
				<copy src="audio_music_label" trait="y"/>
				<add> -10 </add>
			</y>
			<depth> 3 </depth>
			<locus> &true; </locus>
			
			<xdefault> &false; </xdefault>
			<xleft> <ref src="child(horizontal_scroll_left)" trait="clicked"/> </xleft>
			<xright> <ref src="child(horizontal_scroll_right)" trait="clicked"/> </xright>
			<xup> <ref src="audio_foot_slider_marker" trait="mouseover"/> </xup>
			<xdown> <ref src="audio_defaults_button" trait="mouseover"/> </xdown>
			<xbuttonlb> <ref src="child(horizontal_scroll_leftside)" trait="clicked"/> </xbuttonlb>
			<xbuttonrb> <ref src="child(horizontal_scroll_rightside)" trait="clicked"/> </xbuttonrb>
			
			<image name="audio_music_slider_marker_2">
				<zoom> 75 </zoom> <!-- DarN add -->
				<depth> 2 </depth>
				<filename> dialog\dialog_selection_cut.dds </filename>
				<alpha> <copy src="parent()" trait="alpha"/> </alpha>
				<width> 78 </width>
				<height> 48 </height>
				<x>
					<copy src="parent()" trait="width" />
					<sub> 72 </sub>
				</x>
				<y> 0 </y>
			</image>
	
			<image name="audio_music_slider">
<include src="darn\horiz_floating_scroll.xml"/>
				<_showperc> &true; </_showperc> <!-- DarN add (set to true if value is a percentage) -->
				<_textside> <copy src="AudioMenu" trait="_darnside" /> </_textside>
				<depth> 3 </depth>
				<id> 9 </id>
				<x> 45 </x>
				<y> 17 </y>
				
				<user6> 10 </user6>			<!-- scroll marker id -->
				<user8> &true; </user8>	<!-- DarN false text visibility -->
			</image>
		</image>




		<!-- DEFAULTS BUTTON ===========================================================================-->
		<image name="audio_defaults_button">
<include src="darn\button_long.xml"/>
			<id> 11 </id>
			<x>
				<copy src="audio_return_button" trait="x" />
				<sub src="me()" trait="width" />
				<sub>
					<copy>10</copy>
					<add>
						<copy> 30 </copy>
						<onlyif> &xenon; </onlyif>
					</add>
				</sub>
			</x>
			<y>
				<copy src="audio_return_button" trait="y" />
			</y>
			<depth> 3 </depth>
			<clicksound>2</clicksound>
			<user0> <copy src="strings()" trait="_defaults"/> </user0>
			
			<user20> &xbuttony; </user20>
			<xdefault> &xboxhint; </xdefault>
			<xleft> <ref src="audio_return_button" trait="mouseover"/> </xleft>
			<xright> <ref src="audio_return_button" trait="mouseover"/> </xright>
			<xup> <ref src="audio_music_slider_marker" trait="mouseover"/> </xup>
			<xdown> <ref src="audio_return_button" trait="mouseover"/> </xdown>
		</image>

		<!-- RETURN BUTTON ===========================================================================-->
		<image name="audio_return_button">
<include src="darn\button_long.xml"/>
			<id> 12 </id>
			<x>
				<copy src="parent()" trait="width" />
				<sub src="me()" trait="width" />
				<sub> 30 </sub>
			</x>
			<y>
				<copy src="parent()" trait="height" />
				<sub src="me()" trait="height" />
				<sub> 20 </sub>
			</y>
			<depth> 3 </depth>
			<clicksound>2</clicksound>
			<user0> <copy src="strings()" trait="_return"/> </user0>
			
			<user20> &xbuttonb; </user20>
			<xdefault> &xboxhint; </xdefault>
			<xleft> <ref src="audio_defaults_button" trait="mouseover"/> </xleft>
			<xright> <ref src="audio_defaults_button" trait="mouseover"/> </xright>
			<xup> <ref src="audio_defaults_button" trait="mouseover"/> </xup>
			<xdown> <ref src="audio_master_slider_marker" trait="mouseover"/> </xdown>
		</image>

	</rect> <!-- end audio_background -->

</menu>
