<!-- skills_menu.xml -->
<!-- DarN Version 1.0 -->
<menu name="SkillsMenu">
	<class> &SkillsMenu; </class>
	<stackingtype> &no_click_past; </stackingtype>
	<alpha>	0 </alpha>
	<x> 0 </x>
	<y> 0 </y>
	<locus> &true; </locus>
	<menufade> 0.25 </menufade>
	
	<!-- the following text strings are set by code - do not translate here -->
	<user1> skill_description </user1>
	<user2>  </user2>						<!-- picture pathname -->
	<!-- mode of menu: 0=skills, 1=attributes, 2=specialization DarN: 3=birthsign -->
	<user3> 0 </user3>
	<user4> &true; </user4>					<!-- Visibility of information text -->
	<user5></user5>							<!-- The text itself -->
	<user6></user6>							<!-- Not currently used  -->
	<user7></user7>							<!-- Instructional text -->
	<user8> &false; </user8>				<!-- From class menu? -->
	<user9> &false; </user9>				<!-- visibility of continue button (xbox only) -->
	
<include src="darn\chargen_config.xml" />

	<!-- BACKGROUND ===================================================================-->
	<rect name="skills_background">
<include src="darn\generic_background75.xml" />
		<depth> 1 </depth>
		<user0> <!-- DarN width 900 -->
			<copy> 620 </copy>
			<onlyif>
				<copy src="SkillsMenu" trait="user3"/>
				<eq> 0 </eq>
			</onlyif>
			<add> <!-- DarN attributes -->
				<copy> 610 </copy>
				<onlyif>
					<copy src="SkillsMenu" trait="user3"/>
					<eq> 1 </eq>
				</onlyif>
			</add>
			<add> <!-- DarN specialization -->
				<copy> 660 </copy>
				<onlyif>
					<copy src="SkillsMenu" trait="user3"/>
					<eq> 2 </eq>
				</onlyif>
			</add>
			<add> <!-- DarN birthsign -->
				<copy> 750 </copy>
				<onlyif>
					<copy src="SkillsMenu" trait="user3"/>
					<eq> 3 </eq>
				</onlyif>
			</add>
		</user0>
		<user1> <!-- DarN height 700 -->
			<copy> 620 </copy>
			<sub> <!-- DarN birthsign -->
				<copy> 20 </copy>
				<onlyif>
					<copy src="SkillsMenu" trait="user3"/>
					<eq> 3 </eq>
				</onlyif>
			</sub>
			<sub> <!-- DarN attributes -->
				<copy> 80 </copy>
				<onlyif>
					<copy src="SkillsMenu" trait="user3"/>
					<eq> 1 </eq>
				</onlyif>
			</sub>
			<sub> <!-- DarN speci -->
				<copy> 200 </copy>
				<onlyif>
					<copy src="SkillsMenu" trait="user3"/>
					<eq> 2 </eq>
				</onlyif>
			</sub>
		</user1>
		<x>
			<copy src="screen()" trait="width" />
			<sub src="me()" trait="width" />
			<div> 2 </div>
		</x>
		<y>
			<copy src="screen()" trait="height" />
			<sub src="me()" trait="height" />
			<div> 2 </div>
		</y>
		<locus> &true; </locus>

		<!-- INFORMATIONAL TEXT =======================================================-->
		<text name="skills_information_text"> <!-- DarN info on top of page -->
			<depth>3</depth>
			<justify>&center;</justify>
			<wrapwidth> <copy src="parent()" trait="width" /> <sub> 50 </sub> </wrapwidth>
			<visible> <copy src="SkillsMenu" trait="user4"/> </visible>
			<font> <copy src="darnui_settings" trait="_pnhfont" /> </font><!-- DarN 3 -->
			<red> <copy src="darnui_settings" trait="_pnhred" /> </red> <!-- DarN 117 -->
			<green> <copy src="darnui_settings" trait="_pnhgreen" /> </green> <!-- DarN 59 -->
			<blue> <copy src="darnui_settings" trait="_pnhblue" /> </blue> <!-- DarN 33 -->
			<alpha> <copy src="darnui_settings" trait="_pnhalpha" /> </alpha> <!-- DarN 255 -->
			<x>
				<copy src="parent()" trait="width"/>
				<div> 2 </div>
				<add src="darnui_settings" trait="_pnhxoffset" />
			</x>
			<y>
				<copy> 10 </copy>
				<add src="darnui_settings" trait="_pnhyoffset" />
			</y>
			<string> <copy src="SkillsMenu" trait="user5"/> </string>
		</text>

		<!-- SCROLL ===================================================================-->
		<image name="skills_list_scroll_bar">
<include src="vertical_scroll.xml" />
			<id> 2 </id>
			<visible>
				<copy src="skills_list_pane" trait="childcount"/>
				<gt src="me()" trait="user8"/>
			</visible>
			<target> &true; </target>
			<x>
				<copy src="skills_list_window" trait="x"/>
				<add src="skills_list_window" trait="width"/>
				<!-- <add> 10 </add> -->
			</x>
			<y>
				<copy src="skills_list_window" trait="y" />
				<!-- <add> 32 </add> -->
				<add src="child(vertical_scroll_top)" trait="height"/>
			</y>
			<height>
				<copy src="skills_list_window" trait="height" />
				<!-- <sub> 50 </sub> -->
				<sub src="child(vertical_scroll_top)" trait="height"/>
				<sub src="child(vertical_scroll_bottom)" trait="height"/>
			</height>
			<width> 16 </width>
			<depth> 20 </depth>
			<user1> 0 </user1>		<!-- Minimum value that can be scrolled to (should usually be zero) -->
			<user2>
				<copy src="skills_list_pane" trait="childcount" />
				<sub src="me()" trait="user8"/>
			</user2>				<!-- Maximum value that can be scrolled to (should be the number of
										 items minus the number of items visible.  i.e. if your list has
										 8 items and you can see 2 at any one time, this should be 6 -->
			<user3> 1 </user3>		<!-- When the scroll arrow is clicked on, this is how many items it will advance -->
			<user4><copy src="me()" trait="user8"/><sub>1</sub></user4>		<!-- DarN 10 When the scroll bar is clicked on, this is how many items it will advance -->
			<user5> 0 </user5>		<!-- The starting position of the scroll bar (set this only once) -->
			<user6> 3 </user6>		<!-- A unique ID so that the scroll marker can be dragged around -->
			<!-- user7 = current value -->
			<user8>		<!-- DarN 10 How many items are visible at once -->
				<copy> 14 </copy>
				<sub>
					<copy> 1 </copy>
					<onlyif>
						<copy src="SkillsMenu" trait="user3"/>
						<eq> 0 </eq>
					</onlyif>
				</sub>
			</user8>
			<user9> 0 </user9>		<!-- Manual step value (multiplied by step distance and added to scroll value -->
			<user10> 0 </user10>	<!-- reserved -->
		</image>

		<!-- WINDOW ===================================================================-->
		<rect name="skills_list_window">
			<clipwindow> &true; </clipwindow>
			<locus> &true; </locus>
			<height>
				<copy src="skills_list_scroll_bar" trait="user8" />
				<mul> 40 </mul>
			</height>
			<width> 160 </width> <!-- DarN 270 -->
			<x> 20 </x> <!-- DarN 10 -->
			<y> <!-- DarN 75 -->
				<copy src="skills_picture" trait="y" />
				<onlyif>
					<copy src="SkillsMenu" trait="user3"/>
					<eq> 3 </eq>
				</onlyif>
				<add>
					<copy> 75 </copy>
					<onlyif>
						<copy src="SkillsMenu" trait="user3"/>
						<neq> 3 </neq>
					</onlyif>
				</add>
			</y>

			<rect name="skills_list_pane">
				<depth> 8 </depth>
				<id> 1 </id>
				<clips> &true; </clips>
				<locus> &true; </locus>
				<width> <copy src="parent()" trait="width"/> </width>
				<height> 10 </height>
				<x> 0 </x>
				<y>
					<copy> 0 </copy>
					<sub>
						<copy src="skills_list_scroll_bar" trait="user7" />
						<mul> 40 </mul>
					</sub>
				</y>

				<!-- This is a list pane, and is not a focus itself, but when the child elements don't know how to handle
					an input command, they defer to their parent. The following directions are for those times. -->
				<target> &false; </target>
				<xdefault> &true; </xdefault>
				<xlist> &xlist; </xlist>
				<xright> <ref src="skills_button_done" trait="mouseover" /> </xright>
				<!--xup> &last; </xup>
				<xdown> &first; </xdown-->
				<xscroll> <ref src="skills_list_scroll_bar" trait="user5" /> </xscroll>
				
				<!-- list items are added here in code from the template -->
			</rect>
		</rect>

		<!-- PICTURE ===================================================================-->
		<image name="skills_picture">
			<zoom>
				<copy> 100 </copy>
				<sub>
					<copy> 25 </copy>
					<onlyif>
						<copy src="SkillsMenu" trait="user3"/>
						<eq> 2 </eq>
					</onlyif>
				</sub>
			</zoom>
			<filename> <copy src="SkillsMenu" trait="user2"/> </filename>
			<depth> 10 </depth>
			<width>
				<copy> 305 </copy>
				<onlyif>
					<copy src="SkillsMenu" trait="user3"/>
					<eq> 0 </eq>
				</onlyif>
				<add>
					<copy> 256 </copy>
					<onlyif>
						<copy src="SkillsMenu" trait="user3"/>
						<eq> 1 </eq>
					</onlyif>
				</add>
				<add>
					<copy> 276 </copy> <!-- DarN 368 speci -->
					<onlyif>
						<copy src="SkillsMenu" trait="user3"/>
						<eq> 2 </eq>
					</onlyif>
				</add>
				<add>
					<copy> 512 </copy>
					<onlyif>
						<copy src="SkillsMenu" trait="user3"/>
						<eq> 3 </eq>
					</onlyif>
				</add>
			</width>
			<height>
				<copy> 437 </copy>
				<onlyif>
					<copy src="SkillsMenu" trait="user3"/>
					<eq> 0 </eq>
				</onlyif>
				<add>
					<copy> 256 </copy>
					<onlyif>
						<copy src="SkillsMenu" trait="user3"/>
						<eq> 1 </eq>
					</onlyif>
				</add>
				<add>
					<copy> 381 </copy> <!-- DarN 507 speci -->
					<onlyif>
						<copy src="SkillsMenu" trait="user3"/>
						<eq> 2 </eq>
					</onlyif>
				</add>
				<add>
					<copy> 512 </copy>
					<onlyif>
						<copy src="SkillsMenu" trait="user3"/>
						<eq> 3 </eq>
					</onlyif>
				</add>
			</height>
			<x>
				<copy src="parent()" trait="width"/>
				<sub src="me()" trait="width"/>
				<div> 2 </div>
				<add> 70 </add>
				<add>
					<copy> 60 </copy>
					<onlyif>
						<copy src="SkillsMenu" trait="user3"/>
						<eq> 0 </eq>
					</onlyif>
				</add>
				<sub>
					<copy> 110 </copy>
					<onlyif>
						<copy src="SkillsMenu" trait="user3"/>
						<eq> 2 </eq>
					</onlyif>
				</sub>
			</x>
			<y>
				<copy> 90 </copy> <!-- DarN skills -->
				<onlyif>
					<copy src="SkillsMenu" trait="user3"/>
					<eq> 0 </eq>
				</onlyif>
				<add> <!-- DarN attributes -->
					<copy> 80 </copy> <!-- DarN 141 -->
					<onlyif>
						<copy src="SkillsMenu" trait="user3"/>
						<eq> 1 </eq>
					</onlyif>
				</add>
				<add> <!-- DarN specialization -->
					<copy> 30 </copy> <!-- DarN 20 -->
					<onlyif>
						<copy src="SkillsMenu" trait="user3"/>
						<eq> 2 </eq>
					</onlyif>
				</add>
				<add> <!-- DarN birthsign -->
					<copy> 40 </copy>
					<onlyif>
						<copy src="SkillsMenu" trait="user3"/>
						<eq> 3 </eq>
					</onlyif>
				</add>
			</y>
			<locus> &true; </locus>
		</image>

		<text name="skill_text"> <!-- DarN description by image -->
			<depth> 5 </depth>
			<string> <copy src="SkillsMenu" trait="user1" /> </string>
			<justify> &left; </justify>
			<font> <copy src="darnui_settings" trait="_descfont" /> </font><!-- DarN 3 -->
			<red> <copy src="darnui_settings" trait="_descred" /> </red> <!-- DarN 117 -->
			<green> <copy src="darnui_settings" trait="_descgreen" /> </green> <!-- DarN 59 -->
			<blue> <copy src="darnui_settings" trait="_descblue" /> </blue> <!-- DarN 33 -->
			<alpha> <copy src="darnui_settings" trait="_descalpha" /> </alpha> <!-- DarN 200 -->
			<wrapwidth>
				<copy src="skills_picture" trait="width"/>
				<add> 30 </add>
				<sub>
					<copy> 60 </copy>
					<onlyif>
						<copy src="SkillsMenu" trait="user3"/>
						<eq> 2 </eq>
					</onlyif>
				</sub>
			</wrapwidth>
			<x>
				<copy src="skills_picture" trait="width"/>
				<sub src="me()" trait="width"/>
				<div> 2 </div>
				<add src="skills_picture" trait="x"/>
				<add>
					<copy> 220 </copy>
					<onlyif>
						<copy src="SkillsMenu" trait="user3"/>
						<eq> 2 </eq>
					</onlyif>
				</add>
				<add>
					<copy> -30 </copy>
					<onlyif>
						<copy src="SkillsMenu" trait="user3"/>
						<eq> 0 </eq>
					</onlyif>
				</add>
			</x>
			<y> 
				<copy> 470 </copy> <!-- DarN 500 -->
				<onlyif>
					<copy src="SkillsMenu" trait="user3"/>
					<eq> 0 </eq>
				</onlyif>
				<add>
					<copy> 360 </copy> <!-- DarN 420 -->
					<onlyif>
						<copy src="SkillsMenu" trait="user3"/>
						<eq> 1 </eq>
					</onlyif>
				</add>
				<add>
					<copy> 85 </copy> <!-- DarN 500 -->
					<onlyif>
						<copy src="SkillsMenu" trait="user3"/>
						<eq> 2 </eq>
					</onlyif>
				</add>
				<add>
					<copy> 470 </copy>
					<onlyif>
						<copy src="SkillsMenu" trait="user3"/>
						<eq> 3 </eq>
					</onlyif>
				</add>
			</y>
			<depth> 4 </depth>
		</text>
		
		<!-- TEXT =======================================================-->
		<!--text name="skills_description_text">
			<string> <copy src="strings()" trait="_skilldescription"/> </string>
			<justify> &left; </justify>
			<red> 0 </red>
			<green> 34 </green>
			<blue> 120 </blue>
			<alpha> 200 </alpha>
			<wrapwidth> 300 </wrapwidth>
			<x> 300 </x>
			<y> 500 </y>
			<depth> 4 </depth>
		</text-->

		<!-- BACK BUTTON ==============================================================-->
		<image name="skills_button_back">
<include src="darn\button_short.xml" />
			<id> 5 </id>
			<visible>
				<copy src="SkillsMenu" trait="user8"/>	<!-- from class menu -->
			</visible>
			<depth> 5 </depth>
			<target> &true; </target>
			<clicksound>2</clicksound>
			<x>
				<copy src="skills_button_done" trait="x"/>
				<sub src="me()" trait="width"/>
				<sub> 10 </sub>
			</x>
			<y>
				<copy src="parent()" trait="height" />
				<sub src="me()" trait="height" />
				<sub> 15 </sub> <!-- DarN 20 -->
			</y>
			<user0> <copy src="strings()" trait="_back"/> </user0>		<!-- Button text...set in code. -->
			
			<user20> &xbuttona; </user20>
			<xdefault> &xboxhint; </xdefault>
			<xup> <ref src="skills_list_pane" trait="mouseover"/> </xup>
			<xleft> <ref src="skills_list_pane" trait="mouseover"/> </xleft>
			<xright> <ref src="skills_button_done" trait="mouseover"/> </xright>
		</image>

		<!-- OK/DONE BUTTON ==============================================================-->
		<image name="skills_button_done">
<include src="darn\button_short.xml" />
			<id> 4 </id>
			<depth> 5 </depth>
			<target> &true; </target>
			<clicksound>2</clicksound>
			<x>
				<copy src="parent()" trait="width"/>
				<sub src="me()" trait="width"/>
				<sub> 15 </sub> <!-- DarN 10 -->
			</x>
			<y>
				<copy src="parent()" trait="height" />
				<sub src="me()" trait="height" />
				<sub> 15 </sub> <!-- DarN 20 -->
			</y>
			<user0></user0>		<!-- Button text...set in code. -->
			
			<xdefault> &xboxhint; </xdefault>
			<xup> <ref src="skills_list_pane" trait="mouseover"/> </xup>
			<xdown> <ref src="skills_button_back" trait="mouseover"/> </xdown>
		</image>

	</rect>
	
	
	<!-- TEMPLATE ==============================================================-->
	<template name="skills_template">
		<rect name="skills_template">
			<id> 99 </id>
			<target> &true; </target>
			<repeatvertical> &true; </repeatvertical>
			<locus> &true; </locus>
			<clips> &true; </clips>
			<width> <copy src="parent()" trait="width"/> </width>
			<height> 40 </height>
			<x> 0 </x>
			<y>
				<copy src="me()" trait="listindex" />
				<mul> 40 </mul>
			</y>
			<depth> 1 </depth>
			<listindex> 0 </listindex>
			<clicksound>3</clicksound>
			<wrapwidth> <copy src="child(skills_template_name)" trait="wrapwidth"/> </wrapwidth>
			<user0> 0 </user0>			<!-- list position index -->
			<user1> xxx </user1>		<!-- name -->
			<user2> 0 </user2>			<!-- ActorValue -->
			<user3> &false; </user3>	<!-- selected -->
			
			<!-- This element is a list item. If it gets an input command it doesn't know how to handle
			     it will defer the command to its parent. The xlist trait set to true triggers this. -->
			<xdefault> &true; </xdefault>
			<xlist> &xitem; </xlist>
			<xup> &prev; </xup>
			<xdown> &next; </xdown>
			<xscroll>
				<copy src="me()" trait="listindex" />
				<sub>
					<copy src="skills_list_scroll_bar" trait="user8"/>
					<div> 2 </div>
					<ceil> 0 </ceil>
				</sub>
				<add> 1 </add>
			</xscroll>
			
			<text name="skills_template_name">
				<clips> &true; </clips>
				<depth> 8 </depth>
				<string>
					<copy src="parent()" trait="user1" />
				</string>
				<font> <copy src="darnui_settings" trait="_ltfont" /> </font><!-- DarN 1 -->
				<red> <copy src="darnui_settings" trait="_ltred" /> </red> <!-- DarN 0 -->
				<green> <copy src="darnui_settings" trait="_ltgreen" /> </green> <!-- DarN 34 -->
				<blue> <copy src="darnui_settings" trait="_ltblue" /> </blue> <!-- DarN 120 -->
				<alpha> <copy src="darnui_settings" trait="_ltalpha" /> </alpha> <!-- DarN 200 -->
				<wrapwidth>
					<copy src="parent()" trait="width"/>
					<sub> 10 </sub>
				</wrapwidth>
				<wraplines> 1 </wraplines>
				<x>
					<copy> 10 </copy>
					<add src="darnui_settings" trait="_ltxoffset" />
				</x>
				<y>
					<copy src="parent()" trait="height" />
					<sub src="me()" trait="height" />
					<div> 2 </div>
					<sub> 2 </sub>
					<add src="darnui_settings" trait="_ltyoffset" />
				</y>
			</text>

			<image name="skills_selected">
				<clips> &true; </clips>
				<visible> <copy src="parent()" trait="user3" /> </visible>
				<depth>
					<copy> 5 </copy>
					<mul src="parent()" trait="mouseover" />
					<add> 1 </add>
				</depth>
				<filename> <copy src="darnui_settings" trait="_t_eqipedmarker" /> </filename>
				<width>
					<copy src="sibling(skills_template_name)" trait="width" />
					<max> 85 </max>
					<add> 18 </add> <!-- DarN 18 -->
				</width>
				<height> 40 </height> <!-- DarN 54 -->
				<x> 2 </x>
				<y> 0 </y>
				<zoom> 62 </zoom> <!-- DarN add -->
			</image>
			
			<image name="skills_mouseover_marker">
				<depth> 3 </depth>
				<filename> <copy src="darnui_settings" trait="_t_mousemarker1" /> </filename>
				<alpha>
					<copy> 180 </copy> <!-- DarN 255 -->
					<mul src="parent()" trait="mouseover" />
				</alpha>
				<width>
					<copy src="sibling(skills_template_name)" trait="width"/>
					<max> 101 </max> <!-- DarN 85 -->
				</width>
				<height> 40 </height> <!-- DarN 64 -->
				<x> 2 </x>
				<y> 1 </y>
				<zoom> 62 </zoom> <!-- DarN add -->
			</image>
			
			<image name="skills_mouseover_marker_2">
				<depth> 4 </depth>
				<filename> <copy src="darnui_settings" trait="_t_mousemarker2" /> </filename>
				<alpha>
					<copy> 180 </copy> <!-- DarN 255 -->
					<mul src="parent()" trait="mouseover" />
				</alpha>
				<width> 63 </width> <!-- DarN 104 -->
				<height> 40 </height> <!-- DarN 64 -->
				<x>
					<copy src="sibling(skills_template_name)" trait="width" />
					<max> 85 </max>
					<add> 22 </add> <!-- DarN 24 -->
					<sub src="me()" trait="width" />
				</x>
				<y> 1 </y>
				<zoom> 62 </zoom> <!-- DarN add -->
			</image>
		</rect>
	</template>
</menu>
